url,year,number,yearstr
http://www.europarl.europa.eu/oeil/FindByProcnum.do?lang=en&procnum=OLP/2012/0299,2012,53,COM(2012
http://www.europarl.europa.eu/oeil/FindByProcnum.do?lang=en&procnum=OLP/2013/0092,2013,55,COM(2013
http://www.europarl.europa.eu/oeil/FindByProcnum.do?lang=en&procnum=OLP/2016/0399,2016,63,COM(2016
http://www.europarl.europa.eu/oeil/FindByProcnum.do?lang=en&procnum=COD/2009/0064,2009,85,COM(2009
http://www.europarl.europa.eu/oeil/FindByProcnum.do?lang=en&procnum=OLP/2016/0394,2016,482,COM(2016
http://www.europarl.europa.eu/oeil/FindByProcnum.do?lang=en&procnum=OLP/2010/0266,2010,486,COM(2010
http://www.europarl.europa.eu/oeil/FindByProcnum.do?lang=en&procnum=OLP/2018/0229,2018,489,COM(2018
http://www.europarl.europa.eu/oeil/FindByProcnum.do?lang=en&procnum=OLP/2016/0230,2016,491,COM(2016
http://www.europarl.europa.eu/oeil/FindByProcnum.do?lang=en&procnum=OLP/2017/0086,2017,493,COM(2017
http://www.europarl.europa.eu/oeil/FindByProcnum.do?lang=en&procnum=OLP/2011/0153,2011,494,COM(2011
http://www.europarl.europa.eu/oeil/FindByProcnum.do?lang=en&procnum=OLP/2017/0128,2017,496,COM(2017
http://www.europarl.europa.eu/oeil/FindByProcnum.do?lang=en&procnum=OLP/2016/0365,2016,497,COM(2016
http://www.europarl.europa.eu/oeil/FindByProcnum.do?lang=en&procnum=OLP/2012/0035,2012,500,COM(2012
http://www.europarl.europa.eu/oeil/FindByProcnum.do?lang=en&procnum=OLP/2013/0024,2013,510,COM(2013
http://www.europarl.europa.eu/oeil/FindByProcnum.do?lang=en&procnum=OLP/2017/0290,2017,513,COM(2017
http://www.europarl.europa.eu/oeil/FindByProcnum.do?lang=en&procnum=OLP/2011/0354,2011,520,COM(2011
http://www.europarl.europa.eu/oeil/FindByProcnum.do?lang=en&procnum=OLP/2018/0224,2018,521,COM(2018
http://www.europarl.europa.eu/oeil/FindByProcnum.do?lang=en&procnum=OLP/2018/0060,2018,524,COM(2018
http://www.europarl.europa.eu/oeil/FindByProcnum.do?lang=en&procnum=OLP/2016/0304,2016,526,COM(2016
http://www.europarl.europa.eu/oeil/FindByProcnum.do?lang=en&procnum=OLP/2015/0287,2015,529,COM(2015
http://www.europarl.europa.eu/oeil/FindByProcnum.do?lang=en&procnum=OLP/2011/0231,2011,532,COM(2011
http://www.europarl.europa.eu/oeil/FindByProcnum.do?lang=en&procnum=OLP/2014/0108,2014,534,COM(2014
http://www.europarl.europa.eu/oeil/FindByProcnum.do?lang=en&procnum=OLP/2013/0398,2013,541,COM(2013
http://www.europarl.europa.eu/oeil/FindByProcnum.do?lang=en&procnum=OLP/2013/0103,2013,543,COM(2013
http://www.europarl.europa.eu/oeil/FindByProcnum.do?lang=en&procnum=OLP/2013/0325,2013,548,COM(2013
http://www.europarl.europa.eu/oeil/FindByProcnum.do?lang=en&procnum=OLP/2016/0130,2016,550,COM(2016
http://www.europarl.europa.eu/oeil/FindByProcnum.do?lang=en&procnum=OLP/2013/0365,2013,551,COM(2013
http://www.europarl.europa.eu/oeil/FindByProcnum.do?lang=en&procnum=OLP/2015/0134,2015,552,COM(2015
http://www.europarl.europa.eu/oeil/FindByProcnum.do?lang=en&procnum=OLP/2018/0206,2018,553,COM(2018
http://www.europarl.europa.eu/oeil/FindByProcnum.do?lang=en&procnum=OLP/2017/0293,2017,554,COM(2017
http://www.europarl.europa.eu/oeil/FindByProcnum.do?lang=en&procnum=OLP/2015/0288,2015,555,COM(2015
http://www.europarl.europa.eu/oeil/FindByProcnum.do?lang=en&procnum=OLP/2018/0196,2018,557,COM(2018
http://www.europarl.europa.eu/oeil/FindByProcnum.do?lang=en&procnum=OLP/2012/0186,2012,558,COM(2012
http://www.europarl.europa.eu/oeil/FindByProcnum.do?lang=en&procnum=OLP/2013/0087,2013,559,COM(2013
http://www.europarl.europa.eu/oeil/FindByProcnum.do?lang=en&procnum=OLP/2010/0208,2010,560,COM(2010
http://www.europarl.europa.eu/oeil/FindByProcnum.do?lang=en&procnum=OLP/2013/0165,2013,561,COM(2013
http://www.europarl.europa.eu/oeil/FindByProcnum.do?lang=en&procnum=OLP/2016/0363,2016,562,COM(2016
http://www.europarl.europa.eu/oeil/FindByProcnum.do?lang=en&procnum=OLP/2016/0207,2016,563,COM(2016
http://www.europarl.europa.eu/oeil/FindByProcnum.do?lang=en&procnum=OLP/2019/0009,2019,567,COM(2019
http://www.europarl.europa.eu/oeil/FindByProcnum.do?lang=en&procnum=OLP/2019/0040,2019,568,COM(2019
http://www.europarl.europa.eu/oeil/FindByProcnum.do?lang=en&procnum=OLP/2016/0413,2016,570,COM(2016
http://www.europarl.europa.eu/oeil/FindByProcnum.do?lang=en&procnum=OLP/2019/0010,2019,572,COM(2019
http://www.europarl.europa.eu/oeil/FindByProcnum.do?lang=en&procnum=OLP/2018/0058,2018,573,COM(2018
http://www.europarl.europa.eu/oeil/FindByProcnum.do?lang=en&procnum=OLP/2019/0272,2019,575,COM(2019
http://www.europarl.europa.eu/oeil/FindByProcnum.do?lang=en&procnum=OLP/2016/0221,2016,577,COM(2016
http://www.europarl.europa.eu/oeil/FindByProcnum.do?lang=en&procnum=OLP/2016/0231,2016,578,COM(2016
http://www.europarl.europa.eu/oeil/FindByProcnum.do?lang=en&procnum=OLP/2017/0144,2017,579,COM(2017
http://www.europarl.europa.eu/oeil/FindByProcnum.do?lang=en&procnum=OLP/2017/0224,2017,580,COM(2017
http://www.europarl.europa.eu/oeil/FindByProcnum.do?lang=en&procnum=OLP/2017/0226,2017,581,COM(2017
http://www.europarl.europa.eu/oeil/FindByProcnum.do?lang=en&procnum=OLP/2015/0277,2015,582,COM(2015
http://www.europarl.europa.eu/oeil/FindByProcnum.do?lang=en&procnum=OLP/2015/0149,2015,587,COM(2015
http://www.europarl.europa.eu/oeil/FindByProcnum.do?lang=en&procnum=OLP/2011/0394,2011,593,COM(2011
http://www.europarl.europa.eu/oeil/FindByProcnum.do?lang=en&procnum=OLP/2013/0164,2013,594,COM(2013
http://www.europarl.europa.eu/oeil/FindByProcnum.do?lang=en&procnum=OLP/2014/0177,2014,611,COM(2014
http://www.europarl.europa.eu/oeil/FindByProcnum.do?lang=en&procnum=OLP/2018/0082,2018,617,COM(2018
http://www.europarl.europa.eu/oeil/FindByProcnum.do?lang=en&procnum=OLP/2016/0050,2016,618,COM(2016
http://www.europarl.europa.eu/oeil/FindByProcnum.do?lang=en&procnum=OLP/2010/0385,2010,624,COM(2010
http://www.europarl.europa.eu/oeil/FindByProcnum.do?lang=en&procnum=OLP/2014/0218,2014,632,COM(2014
http://www.europarl.europa.eu/oeil/FindByProcnum.do?lang=en&procnum=OLP/2016/0265,2016,633,COM(2016
http://www.europarl.europa.eu/oeil/FindByProcnum.do?lang=en&procnum=OLP/2016/0325,2016,634,COM(2016
http://www.europarl.europa.eu/oeil/FindByProcnum.do?lang=en&procnum=OLP/2015/0275,2015,635,COM(2015
http://www.europarl.europa.eu/oeil/FindByProcnum.do?lang=en&procnum=OLP/2012/0288,2012,636,COM(2012
http://www.europarl.europa.eu/oeil/FindByProcnum.do?lang=en&procnum=OLP/2016/0070,2016,641,COM(2016
http://www.europarl.europa.eu/oeil/FindByProcnum.do?lang=en&procnum=OLP/2017/0354,2017,642,COM(2017
http://www.europarl.europa.eu/oeil/FindByProcnum.do?lang=en&procnum=OLP/2018/0153,2018,644,COM(2018
http://www.europarl.europa.eu/oeil/FindByProcnum.do?lang=en&procnum=OLP/2017/0219,2017,645,COM(2017
http://www.europarl.europa.eu/oeil/FindByProcnum.do?lang=en&procnum=OLP/2012/0232,2012,646,COM(2012
http://www.europarl.europa.eu/oeil/FindByProcnum.do?lang=en&procnum=OLP/2017/0017,2017,655,COM(2017
http://www.europarl.europa.eu/oeil/FindByProcnum.do?lang=en&procnum=OLP/2018/0140,2018,657,COM(2018
http://www.europarl.europa.eu/oeil/FindByProcnum.do?lang=en&procnum=OLP/2016/0033,2016,658,COM(2016
http://www.europarl.europa.eu/oeil/FindByProcnum.do?lang=en&procnum=OLP/2013/0166,2013,663,COM(2013
http://www.europarl.europa.eu/oeil/FindByProcnum.do?lang=en&procnum=OLP/2012/0190,2012,664,COM(2012
http://www.europarl.europa.eu/oeil/FindByProcnum.do?lang=en&procnum=OLP/2016/0392,2016,665,COM(2016
http://www.europarl.europa.eu/oeil/FindByProcnum.do?lang=en&procnum=OLP/2011/0372,2011,666,COM(2011
http://www.europarl.europa.eu/oeil/FindByProcnum.do?lang=en&procnum=OLP/2012/0061,2012,667,COM(2012
http://www.europarl.europa.eu/oeil/FindByProcnum.do?lang=en&procnum=OLP/2016/0149,2016,668,COM(2016
http://www.europarl.europa.eu/oeil/FindByProcnum.do?lang=en&procnum=OLP/2011/0154,2011,669,COM(2011
http://www.europarl.europa.eu/oeil/FindByProcnum.do?lang=en&procnum=OLP/2015/0269,2015,670,COM(2015
http://www.europarl.europa.eu/oeil/FindByProcnum.do?lang=en&procnum=OLP/2017/0352,2017,677,COM(2017
http://www.europarl.europa.eu/oeil/FindByProcnum.do?lang=en&procnum=OLP/2011/0353,2011,679,COM(2011
http://www.europarl.europa.eu/oeil/FindByProcnum.do?lang=en&procnum=OLP/2016/0031,2016,681,COM(2016
http://www.europarl.europa.eu/oeil/FindByProcnum.do?lang=en&procnum=OLP/2018/0169,2018,682,COM(2018
http://www.europarl.europa.eu/oeil/FindByProcnum.do?lang=en&procnum=OLP/2013/0246,2013,684,COM(2013
http://www.europarl.europa.eu/oeil/FindByProcnum.do?lang=en&procnum=OLP/2011/0308,2011,686,COM(2011
http://www.europarl.europa.eu/oeil/FindByProcnum.do?lang=en&procnum=OLP/2013/0222,2013,688,COM(2013
http://www.europarl.europa.eu/oeil/FindByProcnum.do?lang=en&procnum=OLP/2011/0391,2011,693,COM(2011
http://www.europarl.europa.eu/oeil/FindByProcnum.do?lang=en&procnum=OLP/2013/0150,2013,694,COM(2013
http://www.europarl.europa.eu/oeil/FindByProcnum.do?lang=en&procnum=OLP/2011/0357,2011,695,COM(2011
http://www.europarl.europa.eu/oeil/FindByProcnum.do?lang=en&procnum=OLP/2015/0090,2015,697,COM(2015
http://www.europarl.europa.eu/oeil/FindByProcnum.do?lang=en&procnum=OLP/2012/0011,2012,701,COM(2012
http://www.europarl.europa.eu/oeil/FindByProcnum.do?lang=en&procnum=OLP/2011/0352,2011,703,COM(2011
http://www.europarl.europa.eu/oeil/FindByProcnum.do?lang=en&procnum=OLP/2013/0185,2013,704,COM(2013
http://www.europarl.europa.eu/oeil/FindByProcnum.do?lang=en&procnum=OLP/2011/0358,2011,705,COM(2011
http://www.europarl.europa.eu/oeil/FindByProcnum.do?lang=en&procnum=OLP/2013/0202,2013,707,COM(2013
http://www.europarl.europa.eu/oeil/FindByProcnum.do?lang=en&procnum=OLP/2013/0243,2013,708,COM(2013
http://www.europarl.europa.eu/oeil/FindByProcnum.do?lang=en&procnum=OLP/2015/0133,2015,709,COM(2015
http://www.europarl.europa.eu/oeil/FindByProcnum.do?lang=en&procnum=OLP/2014/0213,2014,710,COM(2014
http://www.europarl.europa.eu/oeil/FindByProcnum.do?lang=en&procnum=OLP/2014/0268,2014,712,COM(2014
http://www.europarl.europa.eu/oeil/FindByProcnum.do?lang=en&procnum=OLP/2016/0084,2016,714,COM(2016
http://www.europarl.europa.eu/oeil/FindByProcnum.do?lang=en&procnum=OLP/2013/0091,2013,716,COM(2013
http://www.europarl.europa.eu/oeil/FindByProcnum.do?lang=en&procnum=OLP/2013/0128,2013,719,COM(2013
http://www.europarl.europa.eu/oeil/FindByProcnum.do?lang=en&procnum=OLP/2012/0360,2012,720,COM(2012
http://www.europarl.europa.eu/oeil/FindByProcnum.do?lang=en&procnum=OLP/2013/0130,2013,721,COM(2013
http://www.europarl.europa.eu/oeil/FindByProcnum.do?lang=en&procnum=OLP/2013/0015,2013,723,COM(2013
http://www.europarl.europa.eu/oeil/FindByProcnum.do?lang=en&procnum=OLP/2016/0064,2016,724,COM(2016
http://www.europarl.europa.eu/oeil/FindByProcnum.do?lang=en&procnum=OLP/2016/0030,2016,725,COM(2016
http://www.europarl.europa.eu/oeil/FindByProcnum.do?lang=en&procnum=OLP/2012/0250,2012,726,COM(2012
http://www.europarl.europa.eu/oeil/FindByProcnum.do?lang=en&procnum=OLP/2011/0384,2011,727,COM(2011
http://www.europarl.europa.eu/oeil/FindByProcnum.do?lang=en&procnum=OLP/2013/0080,2013,728,COM(2013
http://www.europarl.europa.eu/oeil/FindByProcnum.do?lang=en&procnum=OLP/2013/0110,2013,729,COM(2013
http://www.europarl.europa.eu/oeil/FindByProcnum.do?lang=en&procnum=OLP/2013/0410,2013,730,COM(2013
http://www.europarl.europa.eu/oeil/FindByProcnum.do?lang=en&procnum=OLP/2011/0137,2011,733,COM(2011
http://www.europarl.europa.eu/oeil/FindByProcnum.do?lang=en&procnum=OLP/2011/0453,2011,735,COM(2011
http://www.europarl.europa.eu/oeil/FindByProcnum.do?lang=en&procnum=OLP/2013/0105,2013,736,COM(2013
http://www.europarl.europa.eu/oeil/FindByProcnum.do?lang=en&procnum=OLP/2010/0303,2010,737,COM(2010
http://www.europarl.europa.eu/oeil/FindByProcnum.do?lang=en&procnum=OLP/2013/0221,2013,738,COM(2013
http://www.europarl.europa.eu/oeil/FindByProcnum.do?lang=en&procnum=OLP/2013/0025,2013,739,COM(2013
http://www.europarl.europa.eu/oeil/FindByProcnum.do?lang=en&procnum=OLP/2011/0194,2011,740,COM(2011
http://www.europarl.europa.eu/oeil/FindByProcnum.do?lang=en&procnum=OLP/2013/0248,2013,741,COM(2013
http://www.europarl.europa.eu/oeil/FindByProcnum.do?lang=en&procnum=OLP/2013/0119,2013,744,COM(2013
http://www.europarl.europa.eu/oeil/FindByProcnum.do?lang=en&procnum=OLP/2011/0351,2011,745,COM(2011
http://www.europarl.europa.eu/oeil/FindByProcnum.do?lang=en&procnum=OLP/2015/0218,2015,746,COM(2015
http://www.europarl.europa.eu/oeil/FindByProcnum.do?lang=en&procnum=OLP/2013/0124,2013,747,COM(2013
http://www.europarl.europa.eu/oeil/FindByProcnum.do?lang=en&procnum=OLP/2011/0349,2011,748,COM(2011
http://www.europarl.europa.eu/oeil/FindByProcnum.do?lang=en&procnum=OLP/2013/0014,2013,751,COM(2013
http://www.europarl.europa.eu/oeil/FindByProcnum.do?lang=en&procnum=OLP/2013/0169,2013,752,COM(2013
http://www.europarl.europa.eu/oeil/FindByProcnum.do?lang=en&procnum=OLP/2010/0383,2010,753,COM(2010
http://www.europarl.europa.eu/oeil/FindByProcnum.do?lang=en&procnum=OLP/2015/0274,2015,754,COM(2015
http://www.europarl.europa.eu/oeil/FindByProcnum.do?lang=en&procnum=OLP/2016/0148,2016,755,COM(2016
http://www.europarl.europa.eu/oeil/FindByProcnum.do?lang=en&procnum=OLP/2016/0075,2016,757,COM(2016
http://www.europarl.europa.eu/oeil/FindByProcnum.do?lang=en&procnum=OLP/2012/0180,2012,759,COM(2012
http://www.europarl.europa.eu/oeil/FindByProcnum.do?lang=en&procnum=OLP/2011/0387,2011,761,COM(2011
http://www.europarl.europa.eu/oeil/FindByProcnum.do?lang=en&procnum=OLP/2015/0313,2015,762,COM(2015
http://www.europarl.europa.eu/oeil/FindByProcnum.do?lang=en&procnum=OLP/2013/0305,2013,763,COM(2013
http://www.europarl.europa.eu/oeil/FindByProcnum.do?lang=en&procnum=OLP/2016/0002,2016,764,COM(2016
http://www.europarl.europa.eu/oeil/FindByProcnum.do?lang=en&procnum=OLP/2016/0125,2016,767,COM(2016
http://www.europarl.europa.eu/oeil/FindByProcnum.do?lang=en&procnum=OLP/2013/0214,2013,769,COM(2013
http://www.europarl.europa.eu/oeil/FindByProcnum.do?lang=en&procnum=OLP/2011/0459,2011,770,COM(2011
http://www.europarl.europa.eu/oeil/FindByProcnum.do?lang=en&procnum=OLP/2013/0232,2013,771,COM(2013
http://www.europarl.europa.eu/oeil/FindByProcnum.do?lang=en&procnum=OLP/2012/0336,2012,772,COM(2012
http://www.europarl.europa.eu/oeil/FindByProcnum.do?lang=en&procnum=OLP/2015/0308,2015,775,COM(2015
http://www.europarl.europa.eu/oeil/FindByProcnum.do?lang=en&procnum=OLP/2013/0186,2013,776,COM(2013
http://www.europarl.europa.eu/oeil/FindByProcnum.do?lang=en&procnum=OLP/2013/0433,2013,778,COM(2013
http://www.europarl.europa.eu/oeil/FindByProcnum.do?lang=en&procnum=OLP/2013/0084,2013,781,COM(2013
http://www.europarl.europa.eu/oeil/FindByProcnum.do?lang=en&procnum=OLP/2011/0461,2011,782,COM(2011
http://www.europarl.europa.eu/oeil/FindByProcnum.do?lang=en&procnum=OLP/2011/0389,2011,783,COM(2011
http://www.europarl.europa.eu/oeil/FindByProcnum.do?lang=en&procnum=OLP/2016/0029,2016,784,COM(2016
http://www.europarl.europa.eu/oeil/FindByProcnum.do?lang=en&procnum=OLP/2010/0370,2010,785,COM(2010
http://www.europarl.europa.eu/oeil/FindByProcnum.do?lang=en&procnum=OLP/2013/0063,2013,786,COM(2013
http://www.europarl.europa.eu/oeil/FindByProcnum.do?lang=en&procnum=OLP/2013/0268,2013,788,COM(2013
http://www.europarl.europa.eu/oeil/FindByProcnum.do?lang=en&procnum=OLP/2013/0253,2013,789,COM(2013
http://www.europarl.europa.eu/oeil/FindByProcnum.do?lang=en&procnum=OLP/2014/0100,2014,790,COM(2014
http://www.europarl.europa.eu/oeil/FindByProcnum.do?lang=en&procnum=OLP/2013/0192,2013,792,COM(2013
http://www.europarl.europa.eu/oeil/FindByProcnum.do?lang=en&procnum=OLP/2012/0337,2012,794,COM(2012
http://www.europarl.europa.eu/oeil/FindByProcnum.do?lang=en&procnum=OLP/2011/0093,2011,795,COM(2011
http://www.europarl.europa.eu/oeil/FindByProcnum.do?lang=en&procnum=OLP/2012/0036,2012,796,COM(2012
http://www.europarl.europa.eu/oeil/FindByProcnum.do?lang=en&procnum=OLP/2012/0049,2012,798,COM(2012
http://www.europarl.europa.eu/oeil/FindByProcnum.do?lang=en&procnum=OLP/2016/0145,2016,799,COM(2016
http://www.europarl.europa.eu/oeil/FindByProcnum.do?lang=en&procnum=OLP/2013/0007,2013,804,COM(2013
http://www.europarl.europa.eu/oeil/FindByProcnum.do?lang=en&procnum=OLP/2011/0458,2011,805,COM(2011
http://www.europarl.europa.eu/oeil/FindByProcnum.do?lang=en&procnum=OLP/2016/0014,2016,806,COM(2016
http://www.europarl.europa.eu/oeil/FindByProcnum.do?lang=en&procnum=OLP/2013/0438,2013,807,COM(2013
http://www.europarl.europa.eu/oeil/FindByProcnum.do?lang=en&procnum=OLP/2013/0371,2013,808,COM(2013
http://www.europarl.europa.eu/oeil/FindByProcnum.do?lang=en&procnum=OLP/2011/0195,2011,809,COM(2011
http://www.europarl.europa.eu/oeil/FindByProcnum.do?lang=en&procnum=OLP/2013/0157,2013,810,COM(2013
http://www.europarl.europa.eu/oeil/FindByProcnum.do?lang=en&procnum=OLP/2016/0159,2016,812,COM(2016
http://www.europarl.europa.eu/oeil/FindByProcnum.do?lang=en&procnum=OLP/2012/0162,2012,813,COM(2012
http://www.europarl.europa.eu/oeil/FindByProcnum.do?lang=en&procnum=OLP/2013/0327,2013,814,COM(2013
http://www.europarl.europa.eu/oeil/FindByProcnum.do?lang=en&procnum=OLP/2013/0238,2013,815,COM(2013
http://www.europarl.europa.eu/oeil/FindByProcnum.do?lang=en&procnum=OLP/2013/0278,2013,816,COM(2013
http://www.europarl.europa.eu/oeil/FindByProcnum.do?lang=en&procnum=OLP/2015/0276,2015,817,COM(2015
http://www.europarl.europa.eu/oeil/FindByProcnum.do?lang=en&procnum=OLP/2014/0107,2014,818,COM(2014
http://www.europarl.europa.eu/oeil/FindByProcnum.do?lang=en&procnum=OLP/2010/0273,2010,822,COM(2010
http://www.europarl.europa.eu/oeil/FindByProcnum.do?lang=en&procnum=OLP/2013/0139,2013,824,COM(2013
http://www.europarl.europa.eu/oeil/FindByProcnum.do?lang=en&procnum=OLP/2012/0013,2012,826,COM(2012
http://www.europarl.europa.eu/oeil/FindByProcnum.do?lang=en&procnum=OLP/2012/0364,2012,827,COM(2012
http://www.europarl.europa.eu/oeil/FindByProcnum.do?lang=en&procnum=OLP/2012/0328,2012,828,COM(2012
http://www.europarl.europa.eu/oeil/FindByProcnum.do?lang=en&procnum=OLP/2011/0156,2011,830,COM(2011
http://www.europarl.europa.eu/oeil/FindByProcnum.do?lang=en&procnum=OLP/2012/0062,2012,832,COM(2012
http://www.europarl.europa.eu/oeil/FindByProcnum.do?lang=en&procnum=OLP/2011/0218,2011,833,COM(2011
http://www.europarl.europa.eu/oeil/FindByProcnum.do?lang=en&procnum=OLP/2011/0429,2011,834,COM(2011
http://www.europarl.europa.eu/oeil/FindByProcnum.do?lang=en&procnum=OLP/2011/0409,2011,835,COM(2011
http://www.europarl.europa.eu/oeil/FindByProcnum.do?lang=en&procnum=OLP/2011/0062,2011,836,COM(2011
http://www.europarl.europa.eu/oeil/FindByProcnum.do?lang=en&procnum=OLP/2012/0295,2012,837,COM(2012
http://www.europarl.europa.eu/oeil/FindByProcnum.do?lang=en&procnum=OLP/2014/0005,2014,838,COM(2014
http://www.europarl.europa.eu/oeil/FindByProcnum.do?lang=en&procnum=OLP/2012/0027,2012,840,COM(2012
http://www.europarl.europa.eu/oeil/FindByProcnum.do?lang=en&procnum=OLP/2013/0064,2013,843,COM(2013
http://www.europarl.europa.eu/oeil/FindByProcnum.do?lang=en&procnum=OLP/2013/0081,2013,844,COM(2013
http://www.europarl.europa.eu/oeil/FindByProcnum.do?lang=en&procnum=OLP/2012/0201,2012,845,COM(2012
http://www.europarl.europa.eu/oeil/FindByProcnum.do?lang=en&procnum=OLP/2013/0027,2013,846,COM(2013
http://www.europarl.europa.eu/oeil/FindByProcnum.do?lang=en&procnum=OLP/2013/0224,2013,847,COM(2013
http://www.europarl.europa.eu/oeil/FindByProcnum.do?lang=en&procnum=OLP/2013/0162,2013,849,COM(2013
http://www.europarl.europa.eu/oeil/FindByProcnum.do?lang=en&procnum=OLP/2011/0299,2011,851,COM(2011
http://www.europarl.europa.eu/oeil/FindByProcnum.do?lang=en&procnum=OLP/2012/0244,2012,852,COM(2012
http://www.europarl.europa.eu/oeil/FindByProcnum.do?lang=en&procnum=OLP/2013/0156,2013,853,COM(2013
http://www.europarl.europa.eu/oeil/FindByProcnum.do?lang=en&procnum=OLP/2013/0089,2013,855,COM(2013
http://www.europarl.europa.eu/oeil/FindByProcnum.do?lang=en&procnum=OLP/2013/0191,2013,856,COM(2013
http://www.europarl.europa.eu/oeil/FindByProcnum.do?lang=en&procnum=OLP/2013/0367,2013,857,COM(2013
http://www.europarl.europa.eu/oeil/FindByProcnum.do?lang=en&procnum=OLP/2014/0014,2014,859,COM(2014
http://www.europarl.europa.eu/oeil/FindByProcnum.do?lang=en&procnum=OLP/2013/0012,2013,861,COM(2013
http://www.europarl.europa.eu/oeil/FindByProcnum.do?lang=en&procnum=OLP/2013/0377,2013,862,COM(2013
http://www.europarl.europa.eu/oeil/FindByProcnum.do?lang=en&procnum=OLP/2012/0216,2012,863,COM(2012
http://www.europarl.europa.eu/oeil/FindByProcnum.do?lang=en&procnum=OLP/2011/0229,2011,865,COM(2011
http://www.europarl.europa.eu/oeil/FindByProcnum.do?lang=en&procnum=OLP/2015/0079,2015,866,COM(2015
http://www.europarl.europa.eu/oeil/FindByProcnum.do?lang=en&procnum=OLP/2012/0084,2012,867,COM(2012
http://www.europarl.europa.eu/oeil/FindByProcnum.do?lang=en&procnum=OLP/2011/0196,2011,868,COM(2011
http://www.europarl.europa.eu/oeil/FindByProcnum.do?lang=en&procnum=OLP/2015/0306,2015,869,COM(2015
http://www.europarl.europa.eu/oeil/FindByProcnum.do?lang=en&procnum=OLP/2013/0016,2013,870,COM(2013
http://www.europarl.europa.eu/oeil/FindByProcnum.do?lang=en&procnum=OLP/2013/0028,2013,871,COM(2013
http://www.europarl.europa.eu/oeil/FindByProcnum.do?lang=en&procnum=OLP/2015/0310,2015,872,COM(2015
http://www.europarl.europa.eu/oeil/FindByProcnum.do?lang=en&procnum=OLP/2010/0256,2010,873,COM(2010
http://www.europarl.europa.eu/oeil/FindByProcnum.do?lang=en&procnum=OLP/2013/0088,2013,874,COM(2013
http://www.europarl.europa.eu/oeil/FindByProcnum.do?lang=en&procnum=OLP/2012/0260,2012,875,COM(2012
http://www.europarl.europa.eu/oeil/FindByProcnum.do?lang=en&procnum=OLP/2013/0022,2013,876,COM(2013
http://www.europarl.europa.eu/oeil/FindByProcnum.do?lang=en&procnum=OLP/2014/0096,2014,877,COM(2014
http://www.europarl.europa.eu/oeil/FindByProcnum.do?lang=en&procnum=OLP/2013/0303,2013,879,COM(2013
http://www.europarl.europa.eu/oeil/FindByProcnum.do?lang=en&procnum=OLP/2013/0432,2013,880,COM(2013
http://www.europarl.europa.eu/oeil/FindByProcnum.do?lang=en&procnum=OLP/2011/0340,2011,882,COM(2011
http://www.europarl.europa.eu/oeil/FindByProcnum.do?lang=en&procnum=OLP/2014/0011,2014,884,COM(2014
http://www.europarl.europa.eu/oeil/FindByProcnum.do?lang=en&procnum=OLP/2011/0465,2011,885,COM(2011
http://www.europarl.europa.eu/oeil/FindByProcnum.do?lang=en&procnum=OLP/2013/0309,2013,891,COM(2013
http://www.europarl.europa.eu/oeil/FindByProcnum.do?lang=en&procnum=OLP/2013/0072,2013,894,COM(2013
http://www.europarl.europa.eu/oeil/FindByProcnum.do?lang=en&procnum=OLP/2013/0048,2013,895,COM(2013
http://www.europarl.europa.eu/oeil/FindByProcnum.do?lang=en&procnum=OLP/2013/0141,2013,898,COM(2013
http://www.europarl.europa.eu/oeil/FindByProcnum.do?lang=en&procnum=OLP/2013/0010,2013,899,COM(2013
http://www.europarl.europa.eu/oeil/FindByProcnum.do?lang=en&procnum=OLP/2016/0074,2016,900,COM(2016
http://www.europarl.europa.eu/oeil/FindByProcnum.do?lang=en&procnum=OLP/2012/0065,2012,901,COM(2012
http://www.europarl.europa.eu/oeil/FindByProcnum.do?lang=en&procnum=OLP/2014/0136,2014,903,COM(2014
http://www.europarl.europa.eu/oeil/FindByProcnum.do?lang=en&procnum=OLP/2011/0371,2011,904,COM(2011
http://www.europarl.europa.eu/oeil/FindByProcnum.do?lang=en&procnum=OLP/2013/0023,2013,905,COM(2013
http://www.europarl.europa.eu/oeil/FindByProcnum.do?lang=en&procnum=OLP/2011/0228,2011,906,COM(2011
http://www.europarl.europa.eu/oeil/FindByProcnum.do?lang=en&procnum=OLP/2012/0208,2012,907,COM(2012
http://www.europarl.europa.eu/oeil/FindByProcnum.do?lang=en&procnum=OLP/2016/0254,2016,909,COM(2016
http://www.europarl.europa.eu/oeil/FindByProcnum.do?lang=en&procnum=OLP/2012/0085,2012,910,COM(2012
http://www.europarl.europa.eu/oeil/FindByProcnum.do?lang=en&procnum=OLP/2018/0047,2018,912,COM(2018
http://www.europarl.europa.eu/oeil/FindByProcnum.do?lang=en&procnum=OLP/2013/0344,2013,913,COM(2013
http://www.europarl.europa.eu/oeil/FindByProcnum.do?lang=en&procnum=OLP/2011/0310,2011,914,COM(2011
http://www.europarl.europa.eu/oeil/FindByProcnum.do?lang=en&procnum=OLP/2010/0207,2010,916,COM(2010
http://www.europarl.europa.eu/oeil/FindByProcnum.do?lang=en&procnum=OLP/2013/0304,2013,918,COM(2013
http://www.europarl.europa.eu/oeil/FindByProcnum.do?lang=en&procnum=OLP/2013/0200,2013,920,COM(2013
http://www.europarl.europa.eu/oeil/FindByProcnum.do?lang=en&procnum=OLP/2017/0242,2017,922,COM(2017
http://www.europarl.europa.eu/oeil/FindByProcnum.do?lang=en&procnum=OLP/2013/0057,2013,923,COM(2013
http://www.europarl.europa.eu/oeil/FindByProcnum.do?lang=en&procnum=OLP/2015/0009,2015,924,COM(2015
http://www.europarl.europa.eu/oeil/FindByProcnum.do?lang=en&procnum=OLP/2016/0142,2016,925,COM(2016
http://www.europarl.europa.eu/oeil/FindByProcnum.do?lang=en&procnum=OLP/2012/0075,2012,928,COM(2012
http://www.europarl.europa.eu/oeil/FindByProcnum.do?lang=en&procnum=OLP/2011/0392,2011,929,COM(2011
http://www.europarl.europa.eu/oeil/FindByProcnum.do?lang=en&procnum=OLP/2012/0168,2012,930,COM(2012
http://www.europarl.europa.eu/oeil/FindByProcnum.do?lang=en&procnum=OLP/2013/0106,2013,931,COM(2013
http://www.europarl.europa.eu/oeil/FindByProcnum.do?lang=en&procnum=OLP/2013/0133,2013,933,COM(2013
http://www.europarl.europa.eu/oeil/FindByProcnum.do?lang=en&procnum=OLP/2013/0029,2013,934,COM(2013
http://www.europarl.europa.eu/oeil/FindByProcnum.do?lang=en&procnum=OLP/2011/0152,2011,935,COM(2011
http://www.europarl.europa.eu/oeil/FindByProcnum.do?lang=en&procnum=OLP/2013/0313,2013,936,COM(2013
http://www.europarl.europa.eu/oeil/FindByProcnum.do?lang=en&procnum=OLP/2012/0010,2012,937,COM(2012
http://www.europarl.europa.eu/oeil/FindByProcnum.do?lang=en&procnum=OLP/2012/0361,2012,938,COM(2012
http://www.europarl.europa.eu/oeil/FindByProcnum.do?lang=en&procnum=OLP/2013/0218,2013,941,COM(2013
http://www.europarl.europa.eu/oeil/FindByProcnum.do?lang=en&procnum=OLP/2013/0187,2013,942,COM(2013
http://www.europarl.europa.eu/oeil/FindByProcnum.do?lang=en&procnum=OLP/2011/0350,2011,943,COM(2011
http://www.europarl.europa.eu/oeil/FindByProcnum.do?lang=en&procnum=OLP/2012/0305,2012,944,COM(2012
http://www.europarl.europa.eu/oeil/FindByProcnum.do?lang=en&procnum=OLP/2013/0403,2013,945,COM(2013
http://www.europarl.europa.eu/oeil/FindByProcnum.do?lang=en&procnum=OLP/2013/0436,2013,946,COM(2013
http://www.europarl.europa.eu/oeil/FindByProcnum.do?lang=en&procnum=OLP/2013/0307,2013,947,COM(2013
http://www.europarl.europa.eu/oeil/FindByProcnum.do?lang=en&procnum=OLP/2011/0197,2011,949,COM(2011
http://www.europarl.europa.eu/oeil/FindByProcnum.do?lang=en&procnum=OLP/2013/0136,2013,951,COM(2013
http://www.europarl.europa.eu/oeil/FindByProcnum.do?lang=en&procnum=OLP/2012/0040,2012,952,COM(2012
http://www.europarl.europa.eu/oeil/FindByProcnum.do?lang=en&procnum=OLP/2011/0359,2011,953,COM(2011
http://www.europarl.europa.eu/oeil/FindByProcnum.do?lang=en&procnum=OLP/2012/0297,2012,954,COM(2012
http://www.europarl.europa.eu/oeil/FindByProcnum.do?lang=en&procnum=OLP/2011/0445,2011,957,COM(2011
http://www.europarl.europa.eu/oeil/FindByProcnum.do?lang=en&procnum=OLP/2012/0283,2012,958,COM(2012
http://www.europarl.europa.eu/oeil/FindByProcnum.do?lang=en&procnum=OLP/2013/0152,2013,960,COM(2013
http://www.europarl.europa.eu/oeil/FindByProcnum.do?lang=en&procnum=OLP/2011/0300,2011,963,COM(2011
http://www.europarl.europa.eu/oeil/FindByProcnum.do?lang=en&procnum=OLP/2010/0197,2010,966,COM(2010
http://www.europarl.europa.eu/oeil/FindByProcnum.do?lang=en&procnum=OLP/2011/0309,2011,967,COM(2011
http://www.europarl.europa.eu/oeil/FindByProcnum.do?lang=en&procnum=OLP/2013/0265,2013,968,COM(2013
http://www.europarl.europa.eu/oeil/FindByProcnum.do?lang=en&procnum=OLP/2012/0042,2012,972,COM(2012
http://www.europarl.europa.eu/oeil/FindByProcnum.do?lang=en&procnum=OLP/2015/0272,2015,973,COM(2015
http://www.europarl.europa.eu/oeil/FindByProcnum.do?lang=en&procnum=OLP/2012/0066,2012,974,COM(2012
http://www.europarl.europa.eu/oeil/FindByProcnum.do?lang=en&procnum=OLP/2014/0346,2014,976,COM(2014
http://www.europarl.europa.eu/oeil/FindByProcnum.do?lang=en&procnum=OLP/2011/0418,2011,977,COM(2011
http://www.europarl.europa.eu/oeil/FindByProcnum.do?lang=en&procnum=OLP/2013/0099,2013,978,COM(2013
http://www.europarl.europa.eu/oeil/FindByProcnum.do?lang=en&procnum=OLP/2013/0060,2013,979,COM(2013
http://www.europarl.europa.eu/oeil/FindByProcnum.do?lang=en&procnum=OLP/2012/0261,2012,980,COM(2012
http://www.europarl.europa.eu/oeil/FindByProcnum.do?lang=en&procnum=OLP/2012/0039,2012,981,COM(2012
http://www.europarl.europa.eu/oeil/FindByProcnum.do?lang=en&procnum=OLP/2014/0217,2014,982,COM(2014
http://www.europarl.europa.eu/oeil/FindByProcnum.do?lang=en&procnum=OLP/2013/0416,2013,983,COM(2013
http://www.europarl.europa.eu/oeil/FindByProcnum.do?lang=en&procnum=OLP/2015/0278,2015,984,COM(2015
http://www.europarl.europa.eu/oeil/FindByProcnum.do?lang=en&procnum=OLP/2011/0263,2011,987,COM(2011
http://www.europarl.europa.eu/oeil/FindByProcnum.do?lang=en&procnum=OLP/2013/0082,2013,988,COM(2013
http://www.europarl.europa.eu/oeil/FindByProcnum.do?lang=en&procnum=OLP/2013/0097,2013,989,COM(2013
http://www.europarl.europa.eu/oeil/FindByProcnum.do?lang=en&procnum=OLP/2010/0275,2010,991,COM(2010
http://www.europarl.europa.eu/oeil/FindByProcnum.do?lang=en&procnum=OLP/2011/0339,2011,994,COM(2011
http://www.europarl.europa.eu/oeil/FindByProcnum.do?lang=en&procnum=OLP/2012/0358,2012,995,COM(2012
http://www.europarl.europa.eu/oeil/FindByProcnum.do?lang=en&procnum=OLP/2011/0260,2011,996,COM(2011
http://www.europarl.europa.eu/oeil/FindByProcnum.do?lang=en&procnum=OLP/2010/0374,2010,998,COM(2010
http://www.europarl.europa.eu/oeil/FindByProcnum.do?lang=en&procnum=OLP/2011/0440,2011,999,COM(2011
http://www.europarl.europa.eu/oeil/FindByProcnum.do?lang=en&procnum=OLP/2013/0062,2013,1000,COM(2013
http://www.europarl.europa.eu/oeil/FindByProcnum.do?lang=en&procnum=OLP/2013/0439,2013,1001,COM(2013
http://www.europarl.europa.eu/oeil/FindByProcnum.do?lang=en&procnum=OLP/2012/0199,2012,1002,COM(2012
http://www.europarl.europa.eu/oeil/FindByProcnum.do?lang=en&procnum=OLP/2013/0407,2013,1003,COM(2013
http://www.europarl.europa.eu/oeil/FindByProcnum.do?lang=en&procnum=OLP/2013/0279,2013,1004,COM(2013
http://www.europarl.europa.eu/oeil/FindByProcnum.do?lang=en&procnum=OLP/2012/0150,2012,1009,COM(2012
http://www.europarl.europa.eu/oeil/FindByProcnum.do?lang=en&procnum=OLP/2011/0039,2011,1012,COM(2011
http://www.europarl.europa.eu/oeil/FindByProcnum.do?lang=en&procnum=OLP/2011/0356,2011,1013,COM(2011
http://www.europarl.europa.eu/oeil/FindByProcnum.do?lang=en&procnum=OLP/2012/0278,2012,1014,COM(2012
http://www.europarl.europa.eu/oeil/FindByProcnum.do?lang=en&procnum=OLP/2013/0140,2013,1015,COM(2013
http://www.europarl.europa.eu/oeil/FindByProcnum.do?lang=en&procnum=OLP/2009/0165,2009,1016,COM(2009
http://www.europarl.europa.eu/oeil/FindByProcnum.do?lang=en&procnum=OLP/2013/0302,2013,1017,COM(2013
http://www.europarl.europa.eu/oeil/FindByProcnum.do?lang=en&procnum=OLP/2013/0213,2013,1019,COM(2013
http://www.europarl.europa.eu/oeil/FindByProcnum.do?lang=en&procnum=OLP/2011/0416,2011,1021,COM(2011
http://www.europarl.europa.eu/oeil/FindByProcnum.do?lang=en&procnum=OLP/2013/0390,2013,1022,COM(2013
http://www.europarl.europa.eu/oeil/FindByProcnum.do?lang=en&procnum=OLP/2013/0239,2013,1024,COM(2013
http://www.europarl.europa.eu/oeil/FindByProcnum.do?lang=en&procnum=OLP/2012/0309,2012,1025,COM(2012
http://www.europarl.europa.eu/oeil/FindByProcnum.do?lang=en&procnum=OLP/2013/0049,2013,1026,COM(2013
http://www.europarl.europa.eu/oeil/FindByProcnum.do?lang=en&procnum=OLP/2012/0196,2012,1028,COM(2012
http://www.europarl.europa.eu/oeil/FindByProcnum.do?lang=en&procnum=OLP/2011/0430,2011,1029,COM(2011
http://www.europarl.europa.eu/oeil/FindByProcnum.do?lang=en&procnum=OLP/2012/0343,2012,1030,COM(2012
http://www.europarl.europa.eu/oeil/FindByProcnum.do?lang=en&procnum=OLP/2013/0117,2013,1031,COM(2013
http://www.europarl.europa.eu/oeil/FindByProcnum.do?lang=en&procnum=OLP/2013/0402,2013,1032,COM(2013
http://www.europarl.europa.eu/oeil/FindByProcnum.do?lang=en&procnum=OLP/2013/0210,2013,1033,COM(2013
http://www.europarl.europa.eu/oeil/FindByProcnum.do?lang=en&procnum=OLP/2013/0013,2013,1035,COM(2013
http://www.europarl.europa.eu/oeil/FindByProcnum.do?lang=en&procnum=OLP/2011/0438,2011,1036,COM(2011
http://www.europarl.europa.eu/oeil/FindByProcnum.do?lang=en&procnum=OLP/2010/0246,2010,1037,COM(2010
http://www.europarl.europa.eu/oeil/FindByProcnum.do?lang=en&procnum=OLP/2011/0454,2011,1038,COM(2011
http://www.europarl.europa.eu/oeil/FindByProcnum.do?lang=en&procnum=OLP/2014/0034,2014,1040,COM(2014
http://www.europarl.europa.eu/oeil/FindByProcnum.do?lang=en&procnum=OLP/2012/0055,2012,1041,COM(2012
http://www.europarl.europa.eu/oeil/FindByProcnum.do?lang=en&procnum=OLP/2015/0239,2015,1042,COM(2015
http://www.europarl.europa.eu/oeil/FindByProcnum.do?lang=en&procnum=OLP/2011/0435,2011,1043,COM(2011
http://www.europarl.europa.eu/oeil/FindByProcnum.do?lang=en&procnum=OLP/2013/0408,2013,1045,COM(2013
http://www.europarl.europa.eu/oeil/FindByProcnum.do?lang=en&procnum=OLP/2013/0233,2013,1046,COM(2013
http://www.europarl.europa.eu/oeil/FindByProcnum.do?lang=en&procnum=OLP/2012/0366,2012,1047,COM(2012
http://www.europarl.europa.eu/oeil/FindByProcnum.do?lang=en&procnum=OLP/2011/0296,2011,1049,COM(2011
http://www.europarl.europa.eu/oeil/FindByProcnum.do?lang=en&procnum=OLP/2011/0398,2011,1050,COM(2011
http://www.europarl.europa.eu/oeil/FindByProcnum.do?lang=en&procnum=OLP/2013/0074,2013,1053,COM(2013
http://www.europarl.europa.eu/oeil/FindByProcnum.do?lang=en&procnum=OLP/2016/0107,2016,1054,COM(2016
http://www.europarl.europa.eu/oeil/FindByProcnum.do?lang=en&procnum=OLP/2011/0427,2011,1056,COM(2011
http://www.europarl.europa.eu/oeil/FindByProcnum.do?lang=en&procnum=OLP/2012/0359,2012,1057,COM(2012
http://www.europarl.europa.eu/oeil/FindByProcnum.do?lang=en&procnum=OLP/2012/0340,2012,1059,COM(2012
http://www.europarl.europa.eu/oeil/FindByProcnum.do?lang=en&procnum=OLP/2013/0297,2013,1060,COM(2013
http://www.europarl.europa.eu/oeil/FindByProcnum.do?lang=en&procnum=OLP/2013/0242,2013,1061,COM(2013
http://www.europarl.europa.eu/oeil/FindByProcnum.do?lang=en&procnum=OLP/2016/0287,2016,1063,COM(2016
http://www.europarl.europa.eu/oeil/FindByProcnum.do?lang=en&procnum=OLP/2016/0256,2016,1067,COM(2016
http://www.europarl.europa.eu/oeil/FindByProcnum.do?lang=en&procnum=OLP/2018/0064,2018,1077,COM(2018
http://www.europarl.europa.eu/oeil/FindByProcnum.do?lang=en&procnum=OLP/2017/0123,2017,1083,COM(2017
http://www.europarl.europa.eu/oeil/FindByProcnum.do?lang=en&procnum=OLP/2018/0088,2018,1084,COM(2018
http://www.europarl.europa.eu/oeil/FindByProcnum.do?lang=en&procnum=OLP/2016/0380,2016,1085,COM(2016
http://www.europarl.europa.eu/oeil/FindByProcnum.do?lang=en&procnum=OLP/2017/0121,2017,1088,COM(2017
http://www.europarl.europa.eu/oeil/FindByProcnum.do?lang=en&procnum=OLP/2016/0378,2016,1090,COM(2016
http://www.europarl.europa.eu/oeil/FindByProcnum.do?lang=en&procnum=OLP/2016/0379,2016,1091,COM(2016
http://www.europarl.europa.eu/oeil/FindByProcnum.do?lang=en&procnum=OLP/2016/0377,2016,1092,COM(2016
http://www.europarl.europa.eu/oeil/FindByProcnum.do?lang=en&procnum=OLP/2017/0111,2017,1093,COM(2017
http://www.europarl.europa.eu/oeil/FindByProcnum.do?lang=en&procnum=OLP/2017/0007,2017,1094,COM(2017
http://www.europarl.europa.eu/oeil/FindByProcnum.do?lang=en&procnum=OLP/2017/0355,2017,1095,COM(2017
http://www.europarl.europa.eu/oeil/FindByProcnum.do?lang=en&procnum=OLP/2017/0351,2017,1096,COM(2017
http://www.europarl.europa.eu/oeil/FindByProcnum.do?lang=en&procnum=OLP/2017/0158,2017,1097,COM(2017
http://www.europarl.europa.eu/oeil/FindByProcnum.do?lang=en&procnum=OLP/2018/0069,2018,1098,COM(2018
http://www.europarl.europa.eu/oeil/FindByProcnum.do?lang=en&procnum=OLP/2016/0280,2016,1099,COM(2016
http://www.europarl.europa.eu/oeil/FindByProcnum.do?lang=en&procnum=OLP/2017/0294,2017,1101,COM(2017
http://www.europarl.europa.eu/oeil/FindByProcnum.do?lang=en&procnum=OLP/2018/0045,2018,1103,COM(2018
http://www.europarl.europa.eu/oeil/FindByProcnum.do?lang=en&procnum=OLP/2016/0284,2016,1104,COM(2016
http://www.europarl.europa.eu/oeil/FindByProcnum.do?lang=en&procnum=OLP/2018/0050,2018,1106,COM(2018
http://www.europarl.europa.eu/oeil/FindByProcnum.do?lang=en&procnum=OLP/2012/0267,2012,1108,COM(2012
http://www.europarl.europa.eu/oeil/FindByProcnum.do?lang=en&procnum=OLP/2017/0230,2017,1109,COM(2017
http://www.europarl.europa.eu/oeil/FindByProcnum.do?lang=en&procnum=OLP/2016/0361,2016,1110,COM(2016
http://www.europarl.europa.eu/oeil/FindByProcnum.do?lang=en&procnum=OLP/2016/0404,2016,1114,COM(2016
http://www.europarl.europa.eu/oeil/FindByProcnum.do?lang=en&procnum=OLP/2018/0070,2018,1119,COM(2018
http://www.europarl.europa.eu/oeil/FindByProcnum.do?lang=en&procnum=OLP/2017/0332,2017,1122,COM(2017
http://www.europarl.europa.eu/oeil/FindByProcnum.do?lang=en&procnum=OLP/2018/0042,2018,1123,COM(2018
http://www.europarl.europa.eu/oeil/FindByProcnum.do?lang=en&procnum=OLP/2012/0193,2012,1124,COM(2012
http://www.europarl.europa.eu/oeil/FindByProcnum.do?lang=en&procnum=OLP/2018/0089,2018,1125,COM(2018
http://www.europarl.europa.eu/oeil/FindByProcnum.do?lang=en&procnum=OLP/2016/0381,2016,1126,COM(2016
http://www.europarl.europa.eu/oeil/FindByProcnum.do?lang=en&procnum=OLP/2018/0076,2018,1127,COM(2018
http://www.europarl.europa.eu/oeil/FindByProcnum.do?lang=en&procnum=OLP/2017/0090,2017,1128,COM(2017
http://www.europarl.europa.eu/oeil/FindByProcnum.do?lang=en&procnum=OLP/2018/0179,2018,1129,COM(2018
http://www.europarl.europa.eu/oeil/FindByProcnum.do?lang=en&procnum=OLP/2017/0116,2017,1132,COM(2017
http://www.europarl.europa.eu/oeil/FindByProcnum.do?lang=en&procnum=OLP/2017/0085,2017,1136,COM(2017
http://www.europarl.europa.eu/oeil/FindByProcnum.do?lang=en&procnum=OLP/2011/0373,2011,1138,COM(2011
http://www.europarl.europa.eu/oeil/FindByProcnum.do?lang=en&procnum=OLP/2018/0090,2018,1139,COM(2018
http://www.europarl.europa.eu/oeil/FindByProcnum.do?lang=en&procnum=OLP/2016/0359,2016,1140,COM(2016
http://www.europarl.europa.eu/oeil/FindByProcnum.do?lang=en&procnum=OLP/2018/0061,2018,1141,COM(2018
http://www.europarl.europa.eu/oeil/FindByProcnum.do?lang=en&procnum=OLP/2017/0288,2017,1144,COM(2017
http://www.europarl.europa.eu/oeil/FindByProcnum.do?lang=en&procnum=OLP/2018/0043,2018,1146,COM(2018
http://www.europarl.europa.eu/oeil/FindByProcnum.do?lang=en&procnum=OLP/2017/0136,2017,1150,COM(2017
http://www.europarl.europa.eu/oeil/FindByProcnum.do?lang=en&procnum=OLP/2018/0044,2018,1154,COM(2018
http://www.europarl.europa.eu/oeil/FindByProcnum.do?lang=en&procnum=OLP/2018/0048,2018,1155,COM(2018
http://www.europarl.europa.eu/oeil/FindByProcnum.do?lang=en&procnum=OLP/2017/0225,2017,1156,COM(2017
http://www.europarl.europa.eu/oeil/FindByProcnum.do?lang=en&procnum=OLP/2017/0359,2017,1158,COM(2017
http://www.europarl.europa.eu/oeil/FindByProcnum.do?lang=en&procnum=OLP/2018/0249,2018,1163,COM(2018
http://www.europarl.europa.eu/oeil/FindByProcnum.do?lang=en&procnum=OLP/2018/0018,2018,1174,COM(2018
http://www.europarl.europa.eu/oeil/FindByProcnum.do?lang=en&procnum=OLP/2017/0122,2017,1184,COM(2017
http://www.europarl.europa.eu/oeil/FindByProcnum.do?lang=en&procnum=OLP/2010/0036,2010,1187,COM(2010
http://www.europarl.europa.eu/oeil/FindByProcnum.do?lang=en&procnum=OLP/2011/0386,2011,1188,COM(2011
http://www.europarl.europa.eu/oeil/FindByProcnum.do?lang=en&procnum=OLP/2011/0401,2011,1190,COM(2011
http://www.europarl.europa.eu/oeil/FindByProcnum.do?lang=en&procnum=OLP/2011/0385,2011,1192,COM(2011
http://www.europarl.europa.eu/oeil/FindByProcnum.do?lang=en&procnum=OLP/2018/0248,2018,1208,COM(2018
http://www.europarl.europa.eu/oeil/FindByProcnum.do?lang=en&procnum=OLP/2018/0371,2018,1209,COM(2018
http://www.europarl.europa.eu/oeil/FindByProcnum.do?lang=en&procnum=OLP/2016/0198,2016,1211,COM(2016
http://www.europarl.europa.eu/oeil/FindByProcnum.do?lang=en&procnum=OLP/2018/0247,2018,1220,COM(2018
http://www.europarl.europa.eu/oeil/FindByProcnum.do?lang=en&procnum=OLP/2016/0257,2016,1221,COM(2016
http://www.europarl.europa.eu/oeil/FindByProcnum.do?lang=en&procnum=OLP/2017/0329,2017,1222,COM(2017
http://www.europarl.europa.eu/oeil/FindByProcnum.do?lang=en&procnum=OLP/2018/0207,2018,1223,COM(2018
http://www.europarl.europa.eu/oeil/FindByProcnum.do?lang=en&procnum=OLP/2017/0231,2017,1229,COM(2017
http://www.europarl.europa.eu/oeil/FindByProcnum.do?lang=en&procnum=OLP/2018/0145,2018,1230,COM(2018
http://www.europarl.europa.eu/oeil/FindByProcnum.do?lang=en&procnum=OLP/2018/0209,2018,1234,COM(2018
http://www.europarl.europa.eu/oeil/FindByProcnum.do?lang=en&procnum=OLP/2018/0190,2018,1237,COM(2018
http://www.europarl.europa.eu/oeil/FindByProcnum.do?lang=en&procnum=OLP/2018/0254,2018,1239,COM(2018
http://www.europarl.europa.eu/oeil/FindByProcnum.do?lang=en&procnum=OLP/2016/0281,2016,1241,COM(2016
http://www.europarl.europa.eu/oeil/FindByProcnum.do?lang=en&procnum=OLP/2018/0161,2018,1242,COM(2018
http://www.europarl.europa.eu/oeil/FindByProcnum.do?lang=en&procnum=OLP/2018/0231,2018,1244,COM(2018
http://www.europarl.europa.eu/oeil/FindByProcnum.do?lang=en&procnum=OLP/2018/0331,2018,1247,COM(2018
http://www.europarl.europa.eu/oeil/FindByProcnum.do?lang=en&procnum=OLP/2018/0106,2018,1248,COM(2018
http://www.europarl.europa.eu/oeil/FindByProcnum.do?lang=en&procnum=OLP/2016/0186,2016,1249,COM(2016
http://www.europarl.europa.eu/oeil/FindByProcnum.do?lang=en&procnum=OLP/2018/0208,2018,1250,COM(2018
http://www.europarl.europa.eu/oeil/FindByProcnum.do?lang=en&procnum=OLP/2018/0236,2018,1251,COM(2018
http://www.europarl.europa.eu/oeil/FindByProcnum.do?lang=en&procnum=OLP/2017/0358,2017,1252,COM(2017
http://www.europarl.europa.eu/oeil/FindByProcnum.do?lang=en&procnum=OLP/2018/0328,2018,1254,COM(2018
http://www.europarl.europa.eu/oeil/FindByProcnum.do?lang=en&procnum=OLP/2018/0322,2018,1255,COM(2018
http://www.europarl.europa.eu/oeil/FindByProcnum.do?lang=en&procnum=OLP/2018/0109,2018,1260,COM(2018
http://www.europarl.europa.eu/oeil/FindByProcnum.do?lang=en&procnum=OLP/2017/0353,2017,1261,COM(2017
http://www.europarl.europa.eu/oeil/FindByProcnum.do?lang=en&procnum=OLP/2018/0243,2018,1264,COM(2018
http://www.europarl.europa.eu/oeil/FindByProcnum.do?lang=en&procnum=OLP/2018/0012,2018,1265,COM(2018
http://www.europarl.europa.eu/oeil/FindByProcnum.do?lang=en&procnum=OLP/2012/0179,2012,1267,COM(2012
http://www.europarl.europa.eu/oeil/FindByProcnum.do?lang=en&procnum=OLP/2016/0279,2016,1268,COM(2016
http://www.europarl.europa.eu/oeil/FindByProcnum.do?lang=en&procnum=OLP/2017/0163,2017,1269,COM(2017
http://www.europarl.europa.eu/oeil/FindByProcnum.do?lang=en&procnum=OLP/2018/0138,2018,1275,COM(2018
http://www.europarl.europa.eu/oeil/FindByProcnum.do?lang=en&procnum=OLP/2018/0103,2018,1276,COM(2018
http://www.europarl.europa.eu/oeil/FindByProcnum.do?lang=en&procnum=OLP/2018/0172,2018,1277,COM(2018
http://www.europarl.europa.eu/oeil/FindByProcnum.do?lang=en&procnum=OLP/2018/0203,2018,1278,COM(2018
http://www.europarl.europa.eu/oeil/FindByProcnum.do?lang=en&procnum=OLP/2016/0176,2016,1279,COM(2016
http://www.europarl.europa.eu/oeil/FindByProcnum.do?lang=en&procnum=OLP/2016/0414,2016,1284,COM(2016
http://www.europarl.europa.eu/oeil/FindByProcnum.do?lang=en&procnum=OLP/2018/0081,2018,1285,COM(2018
http://www.europarl.europa.eu/oeil/FindByProcnum.do?lang=en&procnum=OLP/2018/0170,2018,1286,COM(2018
http://www.europarl.europa.eu/oeil/FindByProcnum.do?lang=en&procnum=OLP/2018/0165,2018,1287,COM(2018
http://www.europarl.europa.eu/oeil/FindByProcnum.do?lang=en&procnum=OLP/2018/0436,2018,1288,COM(2018
http://www.europarl.europa.eu/oeil/FindByProcnum.do?lang=en&procnum=OLP/2018/0171,2018,1289,COM(2018
http://www.europarl.europa.eu/oeil/FindByProcnum.do?lang=en&procnum=OLP/2017/0245,2017,1290,COM(2017
http://www.europarl.europa.eu/oeil/FindByProcnum.do?lang=en&procnum=OLP/2019/0002,2019,1291,COM(2019
http://www.europarl.europa.eu/oeil/FindByProcnum.do?lang=en&procnum=OLP/2012/0266,2012,1292,COM(2012
http://www.europarl.europa.eu/oeil/FindByProcnum.do?lang=en&procnum=OLP/2018/NA,2018,1293,COM(2018
http://www.europarl.europa.eu/oeil/FindByProcnum.do?lang=en&procnum=OLP/2017/0102,2017,1294,COM(2017
http://www.europarl.europa.eu/oeil/FindByProcnum.do?lang=en&procnum=OLP/2019/0019,2019,1295,COM(2019
http://www.europarl.europa.eu/oeil/FindByProcnum.do?lang=en&procnum=OLP/2018/0074,2018,1297,COM(2018
http://www.europarl.europa.eu/oeil/FindByProcnum.do?lang=en&procnum=OLP/2017/0125,2017,1299,COM(2017
http://www.europarl.europa.eu/oeil/FindByProcnum.do?lang=en&procnum=OLP/2018/0299,2018,1301,COM(2018
http://www.europarl.europa.eu/oeil/FindByProcnum.do?lang=en&procnum=OLP/2016/0208,2016,1303,COM(2016
http://www.europarl.europa.eu/oeil/FindByProcnum.do?lang=en&procnum=OLP/2018/0189,2018,1304,COM(2018
http://www.europarl.europa.eu/oeil/FindByProcnum.do?lang=en&procnum=OLP/2018/0258,2018,1307,COM(2018
http://www.europarl.europa.eu/oeil/FindByProcnum.do?lang=en&procnum=COD/2009/0060,2009,1309,COM(2009
http://www.europarl.europa.eu/oeil/FindByProcnum.do?lang=en&procnum=OLP/2018/0129,2018,1310,COM(2018
http://www.europarl.europa.eu/oeil/FindByProcnum.do?lang=en&procnum=OLP/2018/0104,2018,1312,COM(2018
http://www.europarl.europa.eu/oeil/FindByProcnum.do?lang=en&procnum=OLP/2018/0232,2018,1313,COM(2018
http://www.europarl.europa.eu/oeil/FindByProcnum.do?lang=en&procnum=OLP/2016/0384,2016,1318,COM(2016
http://www.europarl.europa.eu/oeil/FindByProcnum.do?lang=en&procnum=OLP/2018/0191,2018,1321,COM(2018
http://www.europarl.europa.eu/oeil/FindByProcnum.do?lang=en&procnum=OLP/2017/0145,2017,1324,COM(2017
http://www.europarl.europa.eu/oeil/FindByProcnum.do?lang=en&procnum=OLP/2016/0393,2016,1325,COM(2016
http://www.europarl.europa.eu/oeil/FindByProcnum.do?lang=en&procnum=OLP/2018/0114,2018,1326,COM(2018
http://www.europarl.europa.eu/oeil/FindByProcnum.do?lang=en&procnum=OLP/2018/0336,2018,1327,COM(2018
http://www.europarl.europa.eu/oeil/FindByProcnum.do?lang=en&procnum=OLP/2017/0015,2017,1328,COM(2017
http://www.europarl.europa.eu/oeil/FindByProcnum.do?lang=en&procnum=OLP/2018/0105,2018,1329,COM(2018
http://www.europarl.europa.eu/oeil/FindByProcnum.do?lang=en&procnum=OLP/2018/0433,2018,1330,COM(2018
http://www.europarl.europa.eu/oeil/FindByProcnum.do?lang=en&procnum=OLP/2018/0205,2018,1332,COM(2018
http://www.europarl.europa.eu/oeil/FindByProcnum.do?lang=en&procnum=OLP/2018/0332,2018,1333,COM(2018
http://www.europarl.europa.eu/oeil/FindByProcnum.do?lang=en&procnum=OLP/2016/0264,2016,1334,COM(2016
http://www.europarl.europa.eu/oeil/FindByProcnum.do?lang=en&procnum=OLP/2018/0136,2018,1337,COM(2018
http://www.europarl.europa.eu/oeil/FindByProcnum.do?lang=en&procnum=OLP/2018/0228,2018,1338,COM(2018
http://www.europarl.europa.eu/oeil/FindByProcnum.do?lang=en&procnum=OLP/2018/0210,2018,1339,COM(2018
http://www.europarl.europa.eu/oeil/FindByProcnum.do?lang=en&procnum=OLP/2018/0197,2018,1341,COM(2018
http://www.europarl.europa.eu/oeil/FindByProcnum.do?lang=en&procnum=OLP/2018/0111,2018,1342,COM(2018
http://www.europarl.europa.eu/oeil/FindByProcnum.do?lang=en&procnum=OLP/2016/0308,2016,1343,COM(2016
http://www.europarl.europa.eu/oeil/FindByProcnum.do?lang=en&procnum=OLP/2016/0362,2016,1344,COM(2016
http://www.europarl.europa.eu/oeil/FindByProcnum.do?lang=en&procnum=OLP/2017/0048,2017,1345,COM(2017
http://www.europarl.europa.eu/oeil/FindByProcnum.do?lang=en&procnum=OLP/2018/0154,2018,1348,COM(2018
http://www.europarl.europa.eu/oeil/FindByProcnum.do?lang=en&procnum=OLP/2017/0060,2017,1353,COM(2017
http://www.europarl.europa.eu/oeil/FindByProcnum.do?lang=en&procnum=OLP/2018/0130,2018,1359,COM(2018
http://www.europarl.europa.eu/oeil/FindByProcnum.do?lang=en&procnum=OLP/2016/0276,2016,1360,COM(2016
http://www.europarl.europa.eu/oeil/FindByProcnum.do?lang=en&procnum=OLP/2018/0230,2018,1361,COM(2018
http://www.europarl.europa.eu/oeil/FindByProcnum.do?lang=en&procnum=OLP/2018/0304,2018,1363,COM(2018
http://www.europarl.europa.eu/oeil/FindByProcnum.do?lang=en&procnum=OLP/2016/0351,2016,1365,COM(2016
http://www.europarl.europa.eu/oeil/FindByProcnum.do?lang=en&procnum=OLP/2018/0204,2018,1366,COM(2018
http://www.europarl.europa.eu/oeil/FindByProcnum.do?lang=en&procnum=OLP/2018/0180,2018,1368,COM(2018
http://www.europarl.europa.eu/oeil/FindByProcnum.do?lang=en&procnum=OLP/2018/0390,2018,1373,COM(2018
http://www.europarl.europa.eu/oeil/FindByProcnum.do?lang=en&procnum=OLP/2017/0220,2017,1374,COM(2017
http://www.europarl.europa.eu/oeil/FindByProcnum.do?lang=en&procnum=OLP/2018/0143,2018,1376,COM(2018
http://www.europarl.europa.eu/oeil/FindByProcnum.do?lang=en&procnum=OLP/2017/0309,2017,1382,COM(2017
http://www.europarl.europa.eu/oeil/FindByProcnum.do?lang=en&procnum=OLP/2012/0236,2012,1384,COM(2012
http://www.europarl.europa.eu/oeil/FindByProcnum.do?lang=en&procnum=OLP/2016/0218,2016,1386,COM(2016
http://www.europarl.europa.eu/oeil/FindByProcnum.do?lang=en&procnum=OLP/2018/0194,2018,1388,COM(2018
http://www.europarl.europa.eu/oeil/FindByProcnum.do?lang=en&procnum=OLP/2018/0041,2018,1390,COM(2018
http://www.europarl.europa.eu/oeil/FindByProcnum.do?lang=en&procnum=OLP/2017/0291,2017,1391,COM(2017
http://www.europarl.europa.eu/oeil/FindByProcnum.do?lang=en&procnum=OLP/2018/0112,2018,1393,COM(2018
http://www.europarl.europa.eu/oeil/FindByProcnum.do?lang=en&procnum=OLP/2018/0199,2018,1395,COM(2018
http://www.europarl.europa.eu/oeil/FindByProcnum.do?lang=en&procnum=OLP/2018/0227,2018,1399,COM(2018
http://www.europarl.europa.eu/oeil/FindByProcnum.do?lang=en&procnum=OLP/2016/0389,2016,1402,COM(2016
http://www.europarl.europa.eu/oeil/FindByProcnum.do?lang=en&procnum=OLP/2017/0143,2017,1403,COM(2017
http://www.europarl.europa.eu/oeil/FindByProcnum.do?lang=en&procnum=OLP/2019/0030,2019,1404,COM(2019
http://www.europarl.europa.eu/oeil/FindByProcnum.do?lang=en&procnum=OLP/2018/0211,2018,1405,COM(2018
http://www.europarl.europa.eu/oeil/FindByProcnum.do?lang=en&procnum=OLP/2018/0139,2018,1406,COM(2018
http://www.europarl.europa.eu/oeil/FindByProcnum.do?lang=en&procnum=OLP/2016/0368,2016,1407,COM(2016
http://www.europarl.europa.eu/oeil/FindByProcnum.do?lang=en&procnum=OLP/2016/0278,2016,1408,COM(2016
http://www.europarl.europa.eu/oeil/FindByProcnum.do?lang=en&procnum=OLP/2017/0189,2017,1409,COM(2017
http://www.europarl.europa.eu/oeil/FindByProcnum.do?lang=en&procnum=OLP/2018/0162,2018,1410,COM(2018
http://www.europarl.europa.eu/oeil/FindByProcnum.do?lang=en&procnum=OLP/2018/0233,2018,1412,COM(2018
http://www.europarl.europa.eu/oeil/FindByProcnum.do?lang=en&procnum=OLP/2018/0250,2018,1413,COM(2018
http://www.europarl.europa.eu/oeil/FindByProcnum.do?lang=en&procnum=OLP/2018/0385,2018,1414,COM(2018
http://www.europarl.europa.eu/oeil/FindByProcnum.do?lang=en&procnum=OLP/2018/0220,2018,1420,COM(2018
http://www.europarl.europa.eu/oeil/FindByProcnum.do?lang=en&procnum=OLP/2017/0002,2017,1422,COM(2017
http://www.europarl.europa.eu/oeil/FindByProcnum.do?lang=en&procnum=OLP/2017/0334,2017,1437,COM(2017
http://www.europarl.europa.eu/oeil/FindByProcnum.do?lang=en&procnum=OLP/2018/0142,2018,1439,COM(2018
http://www.europarl.europa.eu/oeil/FindByProcnum.do?lang=en&procnum=OLP/2011/0130,2011,1446,COM(2011
http://www.europarl.europa.eu/oeil/FindByProcnum.do?lang=en&procnum=OLP/2016/0357,2016,1448,COM(2016
http://www.europarl.europa.eu/oeil/FindByProcnum.do?lang=en&procnum=OLP/2018/0148,2018,1456,COM(2018
http://www.europarl.europa.eu/oeil/FindByProcnum.do?lang=en&procnum=OLP/2012/0146,2012,1457,COM(2012
http://www.europarl.europa.eu/oeil/FindByProcnum.do?lang=en&procnum=OLP/2018/0198,2018,1460,COM(2018
http://www.europarl.europa.eu/oeil/FindByProcnum.do?lang=en&procnum=OLP/2018/0113,2018,1465,COM(2018
http://www.europarl.europa.eu/oeil/FindByProcnum.do?lang=en&procnum=OLP/2018/0040,2018,1472,COM(2018
http://www.europarl.europa.eu/oeil/FindByProcnum.do?lang=en&procnum=OLP/2010/0059,2010,1478,COM(2010
http://www.europarl.europa.eu/oeil/FindByProcnum.do?lang=en&procnum=OLP/2009/0059,2009,1531,COM(2009
http://www.europarl.europa.eu/oeil/FindByProcnum.do?lang=en&procnum=OLP/2018/0298,2018,1547,COM(2018
http://www.europarl.europa.eu/oeil/FindByProcnum.do?lang=en&procnum=OLP/2017/0232,2017,1551,COM(2017
http://www.europarl.europa.eu/oeil/FindByProcnum.do?lang=en&procnum=OLP/2009/0091,2009,1552,COM(2009
http://www.europarl.europa.eu/oeil/FindByProcnum.do?lang=en&procnum=OLP/2017/0297,2017,1554,COM(2017
http://www.europarl.europa.eu/oeil/FindByProcnum.do?lang=en&procnum=OLP/2011/0367,2011,1557,COM(2011
http://www.europarl.europa.eu/oeil/FindByProcnum.do?lang=en&procnum=COD/2009/0096,2009,1559,COM(2009
http://www.europarl.europa.eu/oeil/FindByProcnum.do?lang=en&procnum=COD/2009/0051,2009,1560,COM(2009
http://www.europarl.europa.eu/oeil/FindByProcnum.do?lang=en&procnum=COD/2009/0127,2009,1563,COM(2009
http://www.europarl.europa.eu/oeil/FindByProcnum.do?lang=en&procnum=OLP/2009/0996,2009,1564,COM(2009
http://www.europarl.europa.eu/oeil/FindByProcnum.do?lang=en&procnum=OLP/2011/0206,2011,1565,COM(2011
http://www.europarl.europa.eu/oeil/FindByProcnum.do?lang=en&procnum=OLP/2011/0284,2011,1567,COM(2011
http://www.europarl.europa.eu/oeil/FindByProcnum.do?lang=en&procnum=OLP/2011/0345,2011,1568,COM(2011
http://www.europarl.europa.eu/oeil/FindByProcnum.do?lang=en&procnum=OLP/2011/0417,2011,1571,COM(2011
http://www.europarl.europa.eu/oeil/FindByProcnum.do?lang=en&procnum=OLP/2011/0002,2011,1573,COM(2011
http://www.europarl.europa.eu/oeil/FindByProcnum.do?lang=en&procnum=OLP/2010/0368,2010,1576,COM(2010
http://www.europarl.europa.eu/oeil/FindByProcnum.do?lang=en&procnum=OLP/2010/0252,2010,1578,COM(2010
http://www.europarl.europa.eu/oeil/FindByProcnum.do?lang=en&procnum=OLP/2011/0286,2011,1579,COM(2011
http://www.europarl.europa.eu/oeil/FindByProcnum.do?lang=en&procnum=OLP/2012/0025,2012,1580,COM(2012
http://www.europarl.europa.eu/oeil/FindByProcnum.do?lang=en&procnum=OLP/2010/0133,2010,1581,COM(2010
http://www.europarl.europa.eu/oeil/FindByProcnum.do?lang=en&procnum=OLP/2011/0136,2011,1582,COM(2011
http://www.europarl.europa.eu/oeil/FindByProcnum.do?lang=en&procnum=OLP/2011/0301,2011,1583,COM(2011
http://www.europarl.europa.eu/oeil/FindByProcnum.do?lang=en&procnum=OLP/2010/0254,2010,1584,COM(2010
http://www.europarl.europa.eu/oeil/FindByProcnum.do?lang=en&procnum=OLP/2011/0172,2011,1585,COM(2011
http://www.europarl.europa.eu/oeil/FindByProcnum.do?lang=en&procnum=OLP/2010/0377,2010,1586,COM(2010
http://www.europarl.europa.eu/oeil/FindByProcnum.do?lang=en&procnum=OLP/2011/0187,2011,1588,COM(2011
http://www.europarl.europa.eu/oeil/FindByProcnum.do?lang=en&procnum=OLP/2010/0353,2010,1589,COM(2010
http://www.europarl.europa.eu/oeil/FindByProcnum.do?lang=en&procnum=OLP/2010/0362,2010,1590,COM(2010
http://www.europarl.europa.eu/oeil/FindByProcnum.do?lang=en&procnum=OLP/2011/0283,2011,1591,COM(2011
http://www.europarl.europa.eu/oeil/FindByProcnum.do?lang=en&procnum=OLP/2011/0243,2011,1592,COM(2011
http://www.europarl.europa.eu/oeil/FindByProcnum.do?lang=en&procnum=OLP/2011/0038,2011,1593,COM(2011
http://www.europarl.europa.eu/oeil/FindByProcnum.do?lang=en&procnum=OLP/2011/0135,2011,1594,COM(2011
http://www.europarl.europa.eu/oeil/FindByProcnum.do?lang=en&procnum=OLP/2011/0238,2011,1596,COM(2011
http://www.europarl.europa.eu/oeil/FindByProcnum.do?lang=en&procnum=OLP/2011/0212,2011,1597,COM(2011
http://www.europarl.europa.eu/oeil/FindByProcnum.do?lang=en&procnum=OLP/2011/0150,2011,1599,COM(2011
http://www.europarl.europa.eu/oeil/FindByProcnum.do?lang=en&procnum=OLP/2011/0190,2011,1600,COM(2011
http://www.europarl.europa.eu/oeil/FindByProcnum.do?lang=en&procnum=OLP/2011/0223,2011,1601,COM(2011
http://www.europarl.europa.eu/oeil/FindByProcnum.do?lang=en&procnum=OLP/2011/0144,2011,1602,COM(2011
http://www.europarl.europa.eu/oeil/FindByProcnum.do?lang=en&procnum=OLP/2010/0101,2010,1604,COM(2010
http://www.europarl.europa.eu/oeil/FindByProcnum.do?lang=en&procnum=OLP/2012/0003,2012,1605,COM(2012
http://www.europarl.europa.eu/oeil/FindByProcnum.do?lang=en&procnum=OLP/2010/0373,2010,1607,COM(2010
http://www.europarl.europa.eu/oeil/FindByProcnum.do?lang=en&procnum=OLP/2011/0169,2011,1609,COM(2011
http://www.europarl.europa.eu/oeil/FindByProcnum.do?lang=en&procnum=OLP/2011/0105,2011,1610,COM(2011
http://www.europarl.europa.eu/oeil/FindByProcnum.do?lang=en&procnum=OLP/2011/0442,2011,1611,COM(2011
http://www.europarl.europa.eu/oeil/FindByProcnum.do?lang=en&procnum=OLP/2010/0380,2010,1612,COM(2010
http://www.europarl.europa.eu/oeil/FindByProcnum.do?lang=en&procnum=OLP/2011/0285,2011,1615,COM(2011
http://www.europarl.europa.eu/oeil/FindByProcnum.do?lang=en&procnum=OLP/2011/0434,2011,1616,COM(2011
http://www.europarl.europa.eu/oeil/FindByProcnum.do?lang=en&procnum=OLP/2011/0226,2011,1617,COM(2011
http://www.europarl.europa.eu/oeil/FindByProcnum.do?lang=en&procnum=OLP/2011/0131,2011,1619,COM(2011
http://www.europarl.europa.eu/oeil/FindByProcnum.do?lang=en&procnum=OLP/2012/0023,2012,1620,COM(2012
http://www.europarl.europa.eu/oeil/FindByProcnum.do?lang=en&procnum=OLP/2011/0023,2011,1622,COM(2011
http://www.europarl.europa.eu/oeil/FindByProcnum.do?lang=en&procnum=OLP/2012/0165,2012,1624,COM(2012
http://www.europarl.europa.eu/oeil/FindByProcnum.do?lang=en&procnum=OLP/2011/0239,2011,1626,COM(2011
http://www.europarl.europa.eu/oeil/FindByProcnum.do?lang=en&procnum=OLP/2012/0145,2012,1627,COM(2012
http://www.europarl.europa.eu/oeil/FindByProcnum.do?lang=en&procnum=OLP/2011/0298,2011,1628,COM(2011
http://www.europarl.europa.eu/oeil/FindByProcnum.do?lang=en&procnum=OLP/2012/0285,2012,1636,COM(2012
http://www.europarl.europa.eu/oeil/FindByProcnum.do?lang=en&procnum=OLP/2011/0397,2011,1637,COM(2011
http://www.europarl.europa.eu/oeil/FindByProcnum.do?lang=en&procnum=OLP/2010/0051,2010,1638,COM(2010
http://www.europarl.europa.eu/oeil/FindByProcnum.do?lang=en&procnum=OLP/2010/0250,2010,1640,COM(2010
http://www.europarl.europa.eu/oeil/FindByProcnum.do?lang=en&procnum=COD/2009/0112,2009,1648,COM(2009
http://www.europarl.europa.eu/oeil/FindByProcnum.do?lang=en&procnum=COD/2009/0105,2009,1650,COM(2009
http://www.europarl.europa.eu/oeil/FindByProcnum.do?lang=en&procnum=OLP/2012/0077,2012,1651,COM(2012
http://www.europarl.europa.eu/oeil/FindByProcnum.do?lang=en&procnum=OLP/2012/0007,2012,1652,COM(2012
http://www.europarl.europa.eu/oeil/FindByProcnum.do?lang=en&procnum=OLP/2011/0282,2011,1653,COM(2011
http://www.europarl.europa.eu/oeil/FindByProcnum.do?lang=en&procnum=OLP/2009/0006,2009,1654,COM(2009
http://www.europarl.europa.eu/oeil/FindByProcnum.do?lang=en&procnum=OLP/2009/0162,2009,1655,COM(2009
http://www.europarl.europa.eu/oeil/FindByProcnum.do?lang=en&procnum=OLP/2011/0374,2011,1668,COM(2011
http://www.europarl.europa.eu/oeil/FindByProcnum.do?lang=en&procnum=COD/2009/0077,2009,1762,COM(2009
http://www.europarl.europa.eu/oeil/FindByProcnum.do?lang=en&procnum=OLP/2009/0063,2009,1764,COM(2009
http://www.europarl.europa.eu/oeil/FindByProcnum.do?lang=en&procnum=COD/2009/0028,2009,1767,COM(2009
http://www.europarl.europa.eu/oeil/FindByProcnum.do?lang=en&procnum=COD/2009/0098,2009,1769,COM(2009
http://www.europarl.europa.eu/oeil/FindByProcnum.do?lang=en&procnum=OLP/2009/0164,2009,1770,COM(2009
http://www.europarl.europa.eu/oeil/FindByProcnum.do?lang=en&procnum=COD/2009/0089,2009,1771,COM(2009
http://www.europarl.europa.eu/oeil/FindByProcnum.do?lang=en&procnum=COD/2009/0035,2009,1773,COM(2009
http://www.europarl.europa.eu/oeil/FindByProcnum.do?lang=en&procnum=OLP/2009/0129,2009,1780,COM(2009
http://www.europarl.europa.eu/oeil/FindByProcnum.do?lang=en&procnum=COD/2009/0042,2009,1788,COM(2009
http://www.europarl.europa.eu/oeil/FindByProcnum.do?lang=en&procnum=OLP/2009/0070,2009,1791,COM(2009
http://www.europarl.europa.eu/oeil/FindByProcnum.do?lang=en&procnum=COD/2009/0110,2009,1792,COM(2009
http://www.europarl.europa.eu/oeil/FindByProcnum.do?lang=en&procnum=OLP/2009/0107,2009,1796,COM(2009
http://www.europarl.europa.eu/oeil/FindByProcnum.do?lang=en&procnum=OLP/2009/0057,2009,1798,COM(2009
http://www.europarl.europa.eu/oeil/FindByProcnum.do?lang=en&procnum=OLP/2009/0144,2009,1812,COM(2009
http://www.europarl.europa.eu/oeil/FindByProcnum.do?lang=en&procnum=OLP/2009/0173,2009,1820,COM(2009
http://www.europarl.europa.eu/oeil/FindByProcnum.do?lang=en&procnum=OLP/2009/0142,2009,1837,COM(2009
http://www.europarl.europa.eu/oeil/FindByProcnum.do?lang=en&procnum=OLP/2009/0131,2009,1838,COM(2009
http://www.europarl.europa.eu/oeil/FindByProcnum.do?lang=en&procnum=COD/2009/0153,2009,1851,COM(2009
http://www.europarl.europa.eu/oeil/FindByProcnum.do?lang=en&procnum=OLP/2009/0143,2009,1865,COM(2009
http://www.europarl.europa.eu/oeil/FindByProcnum.do?lang=en&procnum=OLP/2009/0010,2009,1872,COM(2009
http://www.europarl.europa.eu/oeil/FindByProcnum.do?lang=en&procnum=COD/2009/0099,2009,1885,COM(2009
http://www.europarl.europa.eu/oeil/FindByProcnum.do?lang=en&procnum=OLP/2009/0005,2009,1891,COM(2009
http://www.europarl.europa.eu/oeil/FindByProcnum.do?lang=en&procnum=COD/2009/0128,2009,1894,COM(2009
http://www.europarl.europa.eu/oeil/FindByProcnum.do?lang=en&procnum=COD/2009/0027,2009,1900,COM(2009
http://www.europarl.europa.eu/oeil/FindByProcnum.do?lang=en&procnum=OLP/2009/0161,2009,1911,COM(2009
http://www.europarl.europa.eu/oeil/FindByProcnum.do?lang=en&procnum=COD/2009/0169,2009,1918,COM(2009
http://www.europarl.europa.eu/oeil/FindByProcnum.do?lang=en&procnum=OLP/2009/0054,2009,1925,COM(2009
http://www.europarl.europa.eu/oeil/FindByProcnum.do?lang=en&procnum=OLP/2009/0047,2009,1933,COM(2009
http://www.europarl.europa.eu/oeil/FindByProcnum.do?lang=en&procnum=COD/2009/0076,2009,1934,COM(2009
http://www.europarl.europa.eu/oeil/FindByProcnum.do?lang=en&procnum=COD/2009/0157,2009,1944,COM(2009
http://www.europarl.europa.eu/oeil/FindByProcnum.do?lang=en&procnum=OLP/2009/0058,2009,1948,COM(2009
http://www.europarl.europa.eu/oeil/FindByProcnum.do?lang=en&procnum=OLP/2009/0140,2009,1949,COM(2009
http://www.europarl.europa.eu/oeil/FindByProcnum.do?lang=en&procnum=OLP/2009/0108,2009,1961,COM(2009
http://www.europarl.europa.eu/oeil/FindByProcnum.do?lang=en&procnum=COD/2009/0138,2009,1981,COM(2009
http://www.europarl.europa.eu/oeil/FindByProcnum.do?lang=en&procnum=COD/2009/0001,2009,1991,COM(2009
http://www.europarl.europa.eu/oeil/FindByProcnum.do?lang=en&procnum=OLP/2009/0132,2009,1996,COM(2009
http://www.europarl.europa.eu/oeil/FindByProcnum.do?lang=en&procnum=COD/2009/0116,2009,2006,COM(2009
http://www.europarl.europa.eu/oeil/FindByProcnum.do?lang=en&procnum=OLP/2011/0268,2011,2251,COM(2011
http://www.europarl.europa.eu/oeil/FindByProcnum.do?lang=en&procnum=OLP/2011/0209,2011,2252,COM(2011
http://www.europarl.europa.eu/oeil/FindByProcnum.do?lang=en&procnum=OLP/2011/0211,2011,2253,COM(2011
http://www.europarl.europa.eu/oeil/FindByProcnum.do?lang=en&procnum=OLP/2011/0001,2011,2255,COM(2011
http://www.europarl.europa.eu/oeil/FindByProcnum.do?lang=en&procnum=OLP/2011/0138,2011,2256,COM(2011
http://www.europarl.europa.eu/oeil/FindByProcnum.do?lang=en&procnum=OLP/2011/0051,2011,2257,COM(2011
http://www.europarl.europa.eu/oeil/FindByProcnum.do?lang=en&procnum=OLP/2011/0014,2011,2259,COM(2011
http://www.europarl.europa.eu/oeil/FindByProcnum.do?lang=en&procnum=OLP/2011/0011,2011,2260,COM(2011
http://www.europarl.europa.eu/oeil/FindByProcnum.do?lang=en&procnum=OLP/2011/0117,2011,2261,COM(2011
http://www.europarl.europa.eu/oeil/FindByProcnum.do?lang=en&procnum=OLP/2011/0129,2011,2262,COM(2011
http://www.europarl.europa.eu/oeil/FindByProcnum.do?lang=en&procnum=OLP/2011/0204,2011,2263,COM(2011
http://www.europarl.europa.eu/oeil/FindByProcnum.do?lang=en&procnum=OLP/2011/0210,2011,2264,COM(2011
http://www.europarl.europa.eu/oeil/FindByProcnum.do?lang=en&procnum=OLP/2011/0137,2011,2307,COM(2011
http://www.europarl.europa.eu/oeil/FindByProcnum.do?lang=en&procnum=OLP/2010/0253,2010,2477,COM(2010
http://www.europarl.europa.eu/oeil/FindByProcnum.do?lang=en&procnum=OLP/2010/0325,2010,2478,COM(2010
http://www.europarl.europa.eu/oeil/FindByProcnum.do?lang=en&procnum=OLP/2010/0257,2010,2479,COM(2010
http://www.europarl.europa.eu/oeil/FindByProcnum.do?lang=en&procnum=OLP/2010/0258,2010,2480,COM(2010
http://www.europarl.europa.eu/oeil/FindByProcnum.do?lang=en&procnum=OLP/2010/0326,2010,2481,COM(2010
http://www.europarl.europa.eu/oeil/FindByProcnum.do?lang=en&procnum=OLP/2010/0367,2010,2482,COM(2010
http://www.europarl.europa.eu/oeil/FindByProcnum.do?lang=en&procnum=OLP/2010/0242,2010,2484,COM(2010
http://www.europarl.europa.eu/oeil/FindByProcnum.do?lang=en&procnum=OLP/2010/0282,2010,2485,COM(2010
http://www.europarl.europa.eu/oeil/FindByProcnum.do?lang=en&procnum=OLP/2010/0199,2010,2486,COM(2010
http://www.europarl.europa.eu/oeil/FindByProcnum.do?lang=en&procnum=OLP/2010/0364,2010,2489,COM(2010
http://www.europarl.europa.eu/oeil/FindByProcnum.do?lang=en&procnum=OLP/2010/0366,2010,2497,COM(2010
http://www.europarl.europa.eu/oeil/FindByProcnum.do?lang=en&procnum=OLP/2010/0267,2010,2499,COM(2010
http://www.europarl.europa.eu/oeil/FindByProcnum.do?lang=en&procnum=OLP/2010/0365,2010,2500,COM(2010
http://www.europarl.europa.eu/oeil/FindByProcnum.do?lang=en&procnum=OLP/2010/0073,2010,2503,COM(2010
http://www.europarl.europa.eu/oeil/FindByProcnum.do?lang=en&procnum=OLP/2010/0039,2010,2504,COM(2010
http://www.europarl.europa.eu/oeil/FindByProcnum.do?lang=en&procnum=OLP/2010/0064,2010,2505,COM(2010
http://www.europarl.europa.eu/oeil/FindByProcnum.do?lang=en&procnum=OLP/2010/0271,2010,2506,COM(2010
http://www.europarl.europa.eu/oeil/FindByProcnum.do?lang=en&procnum=OLP/2010/0392,2010,2507,COM(2010
http://www.europarl.europa.eu/oeil/FindByProcnum.do?lang=en&procnum=OLP/2010/0390,2010,2508,COM(2010
http://www.europarl.europa.eu/oeil/FindByProcnum.do?lang=en&procnum=OLP/2010/0054,2010,2509,COM(2010
http://www.europarl.europa.eu/oeil/FindByProcnum.do?lang=en&procnum=OLP/2010/0160,2010,2510,COM(2010
http://www.europarl.europa.eu/oeil/FindByProcnum.do?lang=en&procnum=OLP/2010/0195,2010,2511,COM(2010
http://www.europarl.europa.eu/oeil/FindByProcnum.do?lang=en&procnum=OLP/2010/0215,2010,2512,COM(2010
http://www.europarl.europa.eu/oeil/FindByProcnum.do?lang=en&procnum=OLP/2010/0171,2010,2513,COM(2010
http://www.europarl.europa.eu/oeil/FindByProcnum.do?lang=en&procnum=OLP/2010/0150,2010,2514,COM(2010
http://www.europarl.europa.eu/oeil/FindByProcnum.do?lang=en&procnum=OLP/2010/0080,2010,2515,COM(2010
http://www.europarl.europa.eu/oeil/FindByProcnum.do?lang=en&procnum=OLP/2010/0183,2010,2516,COM(2010
http://www.europarl.europa.eu/oeil/FindByProcnum.do?lang=en&procnum=OLP/2010/0210,2010,2517,COM(2010
http://www.europarl.europa.eu/oeil/FindByProcnum.do?lang=en&procnum=OLP/2010/0147,2010,2518,COM(2010
http://www.europarl.europa.eu/oeil/FindByProcnum.do?lang=en&procnum=OLP/2010/0204,2010,2519,COM(2010
http://www.europarl.europa.eu/oeil/FindByProcnum.do?lang=en&procnum=OLP/2010/0074,2010,2520,COM(2010
http://www.europarl.europa.eu/oeil/FindByProcnum.do?lang=en&procnum=OLP/2010/0209,2010,2522,COM(2010
http://www.europarl.europa.eu/oeil/FindByProcnum.do?lang=en&procnum=OLP/2010/0212,2010,2523,COM(2010
http://www.europarl.europa.eu/oeil/FindByProcnum.do?lang=en&procnum=OLP/2010/0162,2010,2524,COM(2010
http://www.europarl.europa.eu/oeil/FindByProcnum.do?lang=en&procnum=OLP/2010/0041,2010,2526,COM(2010
http://www.europarl.europa.eu/oeil/FindByProcnum.do?lang=en&procnum=OLP/2010/0004,2010,2527,COM(2010
http://www.europarl.europa.eu/oeil/FindByProcnum.do?lang=en&procnum=OLP/2010/0065,2010,2528,COM(2010
http://www.europarl.europa.eu/oeil/FindByProcnum.do?lang=en&procnum=OLP/2010/0044,2010,2531,COM(2010
http://www.europarl.europa.eu/oeil/FindByProcnum.do?lang=en&procnum=OLP/2010/0056,2010,2534,COM(2010
http://www.europarl.europa.eu/oeil/FindByProcnum.do?lang=en&procnum=OLP/2010/0175,2010,2535,COM(2010
http://www.europarl.europa.eu/oeil/FindByProcnum.do?lang=en&procnum=OLP/2010/0032,2010,2536,COM(2010
http://www.europarl.europa.eu/oeil/FindByProcnum.do?lang=en&procnum=OLP/2010/0192,2010,2537,COM(2010
http://www.europarl.europa.eu/oeil/FindByProcnum.do?lang=en&procnum=OLP/2010/0251,2010,2539,COM(2010
http://www.europarl.europa.eu/oeil/FindByProcnum.do?lang=en&procnum=OLP/2010/0063,2010,2540,COM(2010
http://www.europarl.europa.eu/oeil/FindByProcnum.do?lang=en&procnum=OLP/2010/0279,2010,2541,COM(2010
http://www.europarl.europa.eu/oeil/FindByProcnum.do?lang=en&procnum=OLP/2010/0280,2010,2543,COM(2010
http://www.europarl.europa.eu/oeil/FindByProcnum.do?lang=en&procnum=OLP/2010/0255,2010,2545,COM(2010
http://www.europarl.europa.eu/oeil/FindByProcnum.do?lang=en&procnum=OLP/2010/0232,2010,2546,COM(2010
http://www.europarl.europa.eu/oeil/FindByProcnum.do?lang=en&procnum=OLP/2010/0289,2010,2548,COM(2010
http://www.europarl.europa.eu/oeil/FindByProcnum.do?lang=en&procnum=OLP/2010/0281,2010,2549,COM(2010
http://www.europarl.europa.eu/oeil/FindByProcnum.do?lang=en&procnum=OLP/2010/0301,2010,2550,COM(2010
http://www.europarl.europa.eu/oeil/FindByProcnum.do?lang=en&procnum=OLP/2010/0298,2010,2551,COM(2010
http://www.europarl.europa.eu/oeil/FindByProcnum.do?lang=en&procnum=OLP/2010/0278,2010,2552,COM(2010
http://www.europarl.europa.eu/oeil/FindByProcnum.do?lang=en&procnum=OLP/2010/0363,2010,2553,COM(2010
http://www.europarl.europa.eu/oeil/FindByProcnum.do?lang=en&procnum=OLP/2010/0369,2010,2554,COM(2010
http://www.europarl.europa.eu/oeil/FindByProcnum.do?lang=en&procnum=OLP/2010/0372,2010,2555,COM(2010
http://www.europarl.europa.eu/oeil/FindByProcnum.do?lang=en&procnum=OLP/2011/0006,2011,2556,COM(2011
http://www.europarl.europa.eu/oeil/FindByProcnum.do?lang=en&procnum=OLP/2011/0276,2011,2557,COM(2011
http://www.europarl.europa.eu/oeil/FindByProcnum.do?lang=en&procnum=OLP/2011/0341,2011,2558,COM(2011
http://www.europarl.europa.eu/oeil/FindByProcnum.do?lang=en&procnum=OLP/2011/0275,2011,2559,COM(2011
http://www.europarl.europa.eu/oeil/FindByProcnum.do?lang=en&procnum=OLP/2011/0203,2011,2560,COM(2011
http://www.europarl.europa.eu/oeil/FindByProcnum.do?lang=en&procnum=OLP/2011/0274,2011,2561,COM(2011
http://www.europarl.europa.eu/oeil/FindByProcnum.do?lang=en&procnum=OLP/2011/0269,2011,2562,COM(2011
http://www.europarl.europa.eu/oeil/FindByProcnum.do?lang=en&procnum=OLP/2011/0288,2011,2563,COM(2011
http://www.europarl.europa.eu/oeil/FindByProcnum.do?lang=en&procnum=OLP/2011/0202,2011,2564,COM(2011
http://www.europarl.europa.eu/oeil/FindByProcnum.do?lang=en&procnum=OLP/2011/0280,2011,2565,COM(2011
http://www.europarl.europa.eu/oeil/FindByProcnum.do?lang=en&procnum=OLP/2011/0272,2011,2566,COM(2011
http://www.europarl.europa.eu/oeil/FindByProcnum.do?lang=en&procnum=OLP/2011/0281,2011,2567,COM(2011
http://www.europarl.europa.eu/oeil/FindByProcnum.do?lang=en&procnum=OLP/2011/0455,2011,2568,COM(2011
http://www.europarl.europa.eu/oeil/FindByProcnum.do?lang=en&procnum=OLP/2011/0415,2011,2569,COM(2011
http://www.europarl.europa.eu/oeil/FindByProcnum.do?lang=en&procnum=OLP/2011/0380,2011,2570,COM(2011
http://www.europarl.europa.eu/oeil/FindByProcnum.do?lang=en&procnum=OLP/2011/0437,2011,2571,COM(2011
http://www.europarl.europa.eu/oeil/FindByProcnum.do?lang=en&procnum=OLP/2012/0245,2012,2572,COM(2012
http://www.europarl.europa.eu/oeil/FindByProcnum.do?lang=en&procnum=OLP/2012/0029,2012,2573,COM(2012
http://www.europarl.europa.eu/oeil/FindByProcnum.do?lang=en&procnum=OLP/2012/0192,2012,2574,COM(2012
http://www.europarl.europa.eu/oeil/FindByProcnum.do?lang=en&procnum=OLP/2012/0169,2012,2575,COM(2012
http://www.europarl.europa.eu/oeil/FindByProcnum.do?lang=en&procnum=OLP/2011/0295,2011,2576,COM(2011
http://www.europarl.europa.eu/oeil/FindByProcnum.do?lang=en&procnum=OLP/2011/0294,2011,2577,COM(2011
http://www.europarl.europa.eu/oeil/FindByProcnum.do?lang=en&procnum=OLP/2011/0344,2011,2578,COM(2011
http://www.europarl.europa.eu/oeil/FindByProcnum.do?lang=en&procnum=OLP/2011/0297,2011,2579,COM(2011
http://www.europarl.europa.eu/oeil/FindByProcnum.do?lang=en&procnum=OLP/2011/0364,2011,2580,COM(2011
http://www.europarl.europa.eu/oeil/FindByProcnum.do?lang=en&procnum=OLP/2011/0361,2011,2581,COM(2011
http://www.europarl.europa.eu/oeil/FindByProcnum.do?lang=en&procnum=OLP/2011/0404,2011,2582,COM(2011
http://www.europarl.europa.eu/oeil/FindByProcnum.do?lang=en&procnum=OLP/2011/0369,2011,2583,COM(2011
http://www.europarl.europa.eu/oeil/FindByProcnum.do?lang=en&procnum=OLP/2011/0421,2011,2584,COM(2011
http://www.europarl.europa.eu/oeil/FindByProcnum.do?lang=en&procnum=OLP/2012/0163,2012,2586,COM(2012
http://www.europarl.europa.eu/oeil/FindByProcnum.do?lang=en&procnum=OLP/2011/0399,2011,2587,COM(2011
http://www.europarl.europa.eu/oeil/FindByProcnum.do?lang=en&procnum=OLP/2011/0366,2011,2588,COM(2011
http://www.europarl.europa.eu/oeil/FindByProcnum.do?lang=en&procnum=OLP/2011/0406,2011,2589,COM(2011
http://www.europarl.europa.eu/oeil/FindByProcnum.do?lang=en&procnum=OLP/2011/0302,2011,2590,COM(2011
http://www.europarl.europa.eu/oeil/FindByProcnum.do?lang=en&procnum=OLP/2011/0370,2011,2591,COM(2011
http://www.europarl.europa.eu/oeil/FindByProcnum.do?lang=en&procnum=OLP/2012/0237,2012,2592,COM(2012
http://www.europarl.europa.eu/oeil/FindByProcnum.do?lang=en&procnum=OLP/2011/0273,2011,2593,COM(2011
http://www.europarl.europa.eu/oeil/FindByProcnum.do?lang=en&procnum=OLP/2012/0185,2012,2594,COM(2012
http://www.europarl.europa.eu/oeil/FindByProcnum.do?lang=en&procnum=OLP/2011/0365,2011,2595,COM(2011
http://www.europarl.europa.eu/oeil/FindByProcnum.do?lang=en&procnum=OLP/2011/0412,2011,2596,COM(2011
http://www.europarl.europa.eu/oeil/FindByProcnum.do?lang=en&procnum=OLP/2011/0449,2011,2597,COM(2011
http://www.europarl.europa.eu/oeil/FindByProcnum.do?lang=en&procnum=OLP/2011/0242,2011,2598,COM(2011
http://www.europarl.europa.eu/oeil/FindByProcnum.do?lang=en&procnum=OLP/2011/0428,2011,2599,COM(2011
http://www.europarl.europa.eu/oeil/FindByProcnum.do?lang=en&procnum=OLP/2012/0184,2012,2601,COM(2012
http://www.europarl.europa.eu/oeil/FindByProcnum.do?lang=en&procnum=OLP/2011/0360,2011,2602,COM(2011
http://www.europarl.europa.eu/oeil/FindByProcnum.do?lang=en&procnum=OLP/2011/0439,2011,2603,COM(2011
http://www.europarl.europa.eu/oeil/FindByProcnum.do?lang=en&procnum=OLP/2011/0413,2011,2604,COM(2011
http://www.europarl.europa.eu/oeil/FindByProcnum.do?lang=en&procnum=OLP/2011/0368,2011,2605,COM(2011
http://www.europarl.europa.eu/oeil/FindByProcnum.do?lang=en&procnum=OLP/2012/0191,2012,2606,COM(2012
http://www.europarl.europa.eu/oeil/FindByProcnum.do?lang=en&procnum=OLP/2011/0405,2011,2607,COM(2011
http://www.europarl.europa.eu/oeil/FindByProcnum.do?lang=en&procnum=OLP/2011/0262,2011,2608,COM(2011
http://www.europarl.europa.eu/oeil/FindByProcnum.do?lang=en&procnum=OLP/2011/0411,2011,2610,COM(2011
http://www.europarl.europa.eu/oeil/FindByProcnum.do?lang=en&procnum=OLP/2011/0307,2011,2611,COM(2011
http://www.europarl.europa.eu/oeil/FindByProcnum.do?lang=en&procnum=OLP/2012/0158,2012,2612,COM(2012
